"","Slice","Count","Total Area","Average Size","%Area","Mean","Perim.","Circ.","Solidity","hippo_area","Treatment","Gender"
"1","C2-AD173_6E10_1_CA1.oir",4,531.464,132.866,0.033,255,40.692,0.911,0.914,"CA1","TBI","M"
"2","C2-AD173_6E10_2_CA1.oir",3,92.697,30.899,0.006,255,18.448,1,0.889,"CA1","TBI","M"
"3","C2-AD173_6E10_3_CA1.oir",1,7.725,7.725,0.0004768,255,9.517,1,0.909,"CA1","TBI","M"
"4","C2-AD061_6E10_4_CA1.oir",5,163.765,32.753,0.01,255,20.235,0.96,0.884,"CA1","TBI","M"
"5","C2-AD173_6E10_4_CA1.oir",11,5160.141,469.104,0.319,255,85.405,0.833,0.852,"CA1","TBI","M"
"6","C2-AD173_6E10_5_CA1.oir",2,78.793,39.396,0.005,255,21.52,0.987,0.923,"CA1","TBI","M"
"7","C2-AD173_6E10_6_CA1.oir",0,0,NA,0,NA,NA,NA,NA,"CA1","TBI","M"
"8","C2-AD173_6E10_7_CA1.oir",4,2977.123,744.281,0.184,255,99.358,0.797,0.871,"CA1","TBI","M"
"9","C2-AD173_6E10_8_CA1.oir",1,33.989,33.989,0.002,255,20.792,0.988,0.863,"CA1","TBI","M"
"10","C2-AD186_6E10_1_CA1.oir",4,247.192,61.798,0.015,255,26.279,0.989,0.923,"CA1","TBI","F"
"11","C2-AD186_6E10_2_CA1.oir",5,523.739,104.748,0.032,255,36.481,0.903,0.854,"CA1","TBI","F"
"12","C2-AD186_6E10_3_CA1.oir",9,3930.359,436.707,0.243,255,75.082,0.806,0.853,"CA1","TBI","F"
"13","C2-AD186_6E10_4_CA1.oir",4,905.342,226.336,0.056,255,54.498,0.835,0.856,"CA1","TBI","F"
"14","C2-AD186_6E10_5_CA1.oir",6,644.245,107.374,0.04,255,34.695,0.97,0.914,"CA1","TBI","F"
"15","C2-AD186_6E10_6_CA1.oir",12,1237.507,103.126,0.076,255,36.585,0.89,0.885,"CA1","TBI","F"
"16","C2-AD186_6E10_7_CA1.oir",2,84.972,42.486,0.005,255,22.914,0.958,0.876,"CA1","TBI","F"
"17","C2-AD262_6E10_1_CA1.oir",35,1416.721,40.478,0.087,255,21.315,0.913,0.866,"CA1","TBI","F"
"18","C2-AD262_6E10_2_CA1.oir",16,999.584,62.474,0.062,255,27.669,0.888,0.875,"CA1","TBI","F"
"19","C2-AD262_6E10_3_CA1.oir",12,298.176,24.848,0.018,255,17.12,0.917,0.856,"CA1","TBI","F"
"20","C2-AD061_6E10_5_CA1.oir",10,466.576,46.658,0.029,255,22.326,0.947,0.909,"CA1","TBI","M"
"21","C2-AD262_6E10_4_CA1.oir",23,1395.092,60.656,0.086,255,26.009,0.885,0.889,"CA1","TBI","F"
"22","C2-AD262_6E10_5_CA1.oir",17,2842.712,167.218,0.175,255,41.129,0.851,0.867,"CA1","TBI","F"
"23","C2-AD262_6E10_6_CA1.oir",19,508.289,26.752,0.031,255,16.814,0.93,0.907,"CA1","TBI","F"
"24","C2-AD262_6E10_7_CA1.oir",5,200.844,40.169,0.012,255,17.919,0.994,0.93,"CA1","TBI","F"
"25","C2-AD262_6E10_8_CA1.oir",33,2559.986,77.575,0.158,255,28.995,0.828,0.836,"CA1","TBI","F"
"26","C2-AD264_6E10_1_CA1.oir",5,403.233,80.647,0.025,255,30.274,0.94,0.886,"CA1","TBI","M"
"27","C2-AD264_6E10_2_CA1.oir",7,386.238,55.177,0.024,255,25.262,0.961,0.917,"CA1","TBI","M"
"28","C2-AD264_6E10_3_CA1.oir",8,593.262,74.158,0.037,255,26.976,0.973,0.903,"CA1","TBI","M"
"29","C2-AD264_6E10_4_CA1.oir",9,378.513,42.057,0.023,255,19.701,0.977,0.899,"CA1","TBI","M"
"30","C2-AD264_6E10_5_CA1.oir",3,313.625,104.542,0.019,255,34.31,0.912,0.873,"CA1","TBI","M"
"31","C2-AD061_6E10_6_CA1.oir",8,258.007,32.251,0.016,255,17.314,0.981,0.912,"CA1","TBI","M"
"32","C2-AD264_6E10_6_CA1.oir",7,230.198,32.885,0.014,255,18.826,0.986,0.895,"CA1","TBI","M"
"33","C2-AD271_6E10_1_CA1.oir",0,0,NA,0,NA,NA,NA,NA,"CA1","TBI","F"
"34","C2-AD271_6E10_2_CA1.oir",0,0,NA,0,NA,NA,NA,NA,"CA1","TBI","F"
"35","C2-AD271_6E10_3_CA1.oir",0,0,NA,0,NA,NA,NA,NA,"CA1","TBI","F"
"36","C2-AD271_6E10_4_CA1.oir",0,0,NA,0,NA,NA,NA,NA,"CA1","TBI","F"
"37","C2-AD271_6E10_5_CA1.oir",0,0,NA,0,NA,NA,NA,NA,"CA1","TBI","F"
"38","C2-AD271_6E10_6_CA1.oir",0,0,NA,0,NA,NA,NA,NA,"CA1","TBI","F"
"39","C2-AD271_6E10_7_CA1.oir",0,0,NA,0,NA,NA,NA,NA,"CA1","TBI","F"
"40","C2-AD061_6E10_7_CA1.oir",6,434.132,72.355,0.027,255,27.693,0.927,0.874,"CA1","TBI","M"
"41","C2-AD271_6E10_8_CA1.oir",0,0,NA,0,NA,NA,NA,NA,"CA1","TBI","F"
"42","C2-AD280_6E10_1_CA1.oir",7,670.509,95.787,0.041,255,33.168,0.954,0.912,"CA1","TBI","M"
"43","C2-AD280_6E10_2_CA1.oir",4,244.102,61.026,0.015,255,26.794,0.982,0.905,"CA1","TBI","M"
"44","C2-AD280_6E10_3_CA1.oir",7,342.979,48.997,0.021,255,24.092,0.982,0.902,"CA1","TBI","M"
"45","C2-AD280_6E10_5_CA1.oir",12,404.778,33.731,0.025,255,19.767,0.978,0.886,"CA1","TBI","M"
"46","C2-AD280_6E10_6_CA1.oir",7,346.069,49.438,0.021,255,24.222,0.976,0.888,"CA1","TBI","M"
"47","C2-AD280_6E10_7_CA1.oir",3,205.479,68.493,0.013,255,28.35,0.97,0.919,"CA1","TBI","M"
"48","C2-AD280_6E10_8_CA1.oir",4,308.99,77.248,0.019,255,29.537,0.979,0.91,"CA1","TBI","M"
"49","C2-AD061_6E10_8_CA1.oir",24,1665.459,69.394,0.103,255,24.591,0.934,0.882,"CA1","TBI","M"
"50","C2-AD077_6E10_1_CA1.oir",1,52.528,52.528,0.003,255,26.794,0.919,0.861,"CA1","TBI","M"
"51","C2-AD077_6E10_2_CA1.oir",1,10.815,10.815,0.0006676,255,11.275,1,0.875,"CA1","TBI","M"
"52","C2-AD077_6E10_3_CA1.oir",0,0,NA,0,NA,NA,NA,NA,"CA1","TBI","M"
"53","C2-AD061_6E10_2_CA1.oir",5,171.49,34.298,0.011,255,19.677,0.959,0.884,"CA1","TBI","M"
"54","C2-AD077_6E10_4_CA1.oir",0,0,NA,0,NA,NA,NA,NA,"CA1","TBI","M"
"55","C2-AD077_6E10_5_CA1.oir",0,0,NA,0,NA,NA,NA,NA,"CA1","TBI","M"
"56","C2-AD077_6E10_6_CA1.oir",0,0,NA,0,NA,NA,NA,NA,"CA1","TBI","M"
"57","C2-AD077_6E10_7_CA1.oir",0,0,NA,0,NA,NA,NA,NA,"CA1","TBI","M"
"58","C2-AD077_6E10_8_CA1.oir",0,0,NA,0,NA,NA,NA,NA,"CA1","TBI","M"
"59","C2-AD077_6E10_9_CA1.oir",0,0,NA,0,NA,NA,NA,NA,"CA1","TBI","M"
"60","C2-AD061_6E10_3_CA1.oir",0,0,NA,0,NA,NA,NA,NA,"CA1","TBI","M"
"61","C2-AD171_6E10_1_CA1.oir",2,199.299,99.649,0.012,255,33.523,0.939,0.915,"CA1","TBI","M"
"62","C2-AD171_6E10_2_CA1.oir",1,89.607,89.607,0.006,255,33.523,1,0.935,"CA1","TBI","M"
"63","C2-AD171_6E10_3_CA1.oir",5,2635.689,527.138,0.163,255,78.055,0.839,0.858,"CA1","TBI","M"
"64","C2-AD171_6E10_4_CA1.oir",6,848.179,141.363,0.052,255,40.282,0.898,0.895,"CA1","TBI","M"
"65","C2-AD171_6E10_5_CA1.oir",3,106.602,35.534,0.007,255,20.449,1,0.901,"CA1","TBI","M"
"66","C2-AD171_6E10_5_CA3.oir",3,273.457,91.152,0.017,255,28.451,0.94,0.844,"CA3","TBI","M"
"67","C2-AD173_6E10_1_CA3.oir",11,2043.972,185.816,0.126,255,44.622,0.89,0.888,"CA3","TBI","M"
"68","C2-AD173_6E10_2_CA3.oir",1,106.602,106.602,0.007,255,37.039,0.976,0.902,"CA3","TBI","M"
"69","C2-AD173_6E10_3_CA3.oir",3,1459.98,486.66,0.09,255,121.102,0.406,0.676,"CA3","TBI","M"
"70","C2-AD173_6E10_4_CA3.oir",5,423.317,84.663,0.026,255,30.626,0.986,0.901,"CA3","TBI","M"
"71","C2-AD173_6E10_5_CA3.oir",2,114.326,57.163,0.007,255,24.157,0.974,0.881,"CA3","TBI","M"
"72","C2-AD173_6E10_6_CA3.oir",0,0,NA,0,NA,NA,NA,NA,"CA3","TBI","M"
"73","C2-AD173_6E10_7_CA3.oir",1,32.444,32.444,0.002,255,19.762,1,0.933,"CA3","TBI","M"
"74","C2-AD173_6E10_8_CA3.oir",2,74.158,37.079,0.005,255,20.428,1,0.895,"CA3","TBI","M"
"75","C2-AD186_6E10_1_CA3.oir",1,35.534,35.534,0.002,255,20.792,1,0.885,"CA3","TBI","F"
"76","C2-AD061_6E10_4_CA3.oir",3,245.647,81.882,0.015,255,29.037,0.931,0.871,"CA3","TBI","M"
"77","C2-AD186_6E10_2_CA3.oir",4,190.029,47.507,0.012,255,22.293,0.994,0.903,"CA3","TBI","F"
"78","C2-AD186_6E10_3_CA3.oir",7,716.858,102.408,0.044,255,40.113,0.86,0.831,"CA3","TBI","F"
"79","C2-AD186_6E10_5_CA3.oir",11,817.28,74.298,0.05,255,31.407,0.899,0.886,"CA3","TBI","F"
"80","C2-AD186_6E10_6_CA3.oir",6,477.39,79.565,0.029,255,30.552,0.961,0.885,"CA3","TBI","F"
"81","C2-AD186_6E10_7_CA3.oir",4,239.468,59.867,0.015,255,26.718,0.966,0.886,"CA3","TBI","F"
"82","C2-AD262_6E10_1_CA3.oir",46,1838.493,39.967,0.113,255,23.634,0.831,0.838,"CA3","TBI","F"
"83","C2-AD262_6E10_2_CA3.oir",22,947.056,43.048,0.058,255,21.468,0.923,0.871,"CA3","TBI","F"
"84","C2-AD262_6E10_3_CA3.oir",32,1141.72,35.679,0.07,255,21.039,0.907,0.875,"CA3","TBI","F"
"85","C2-AD262_6E10_4_CA3.oir",4,123.596,30.899,0.008,255,17.277,1,0.868,"CA3","TBI","F"
"86","C2-AD262_6E10_5_CA3.oir",7,304.356,43.479,0.019,255,21.104,0.988,0.897,"CA3","TBI","F"
"87","C2-AD262_6E10_6_CA3.oir",21,614.891,29.281,0.038,255,19.179,0.896,0.856,"CA3","TBI","F"
"88","C2-AD262_6E10_7_CA3.oir",36,797.195,22.144,0.049,255,16.374,0.917,0.877,"CA3","TBI","F"
"89","C2-AD262_6E10_8_CA3.oir",0,0,NA,0,NA,NA,NA,NA,"CA3","TBI","F"
"90","C2-AD061_6E10_5_CA3.oir",13,655.06,50.389,0.04,255,23.74,0.99,0.914,"CA3","TBI","M"
"91","C2-AD264_6E10_1_CA3.oir",2,143.681,71.84,0.009,255,30.008,0.964,0.915,"CA3","TBI","M"
"92","C2-AD264_6E10_2_CA3.oir",7,227.108,32.444,0.014,255,18.324,1,0.897,"CA3","TBI","M"
"93","C2-AD264_6E10_3_CA3.oir",3,188.484,62.828,0.012,255,26.693,0.968,0.898,"CA3","TBI","M"
"94","C2-AD264_6E10_4_CA3.oir",1,115.871,115.871,0.007,255,38.797,0.967,0.909,"CA3","TBI","M"
"95","C2-AD264_6E10_5_CA3.oir",1,106.602,106.602,0.007,255,37.039,0.976,0.908,"CA3","TBI","M"
"96","C2-AD061_6E10_1_CA3.oir",9,247.192,27.466,0.015,255,17.62,0.979,0.879,"CA3","TBI","M"
"97","C2-AD264_6E10_6_CA3.oir",4,84.972,21.243,0.005,255,15.519,1,0.922,"CA3","TBI","M"
"98","C2-AD264_6E10_7_CA3.oir",9,390.873,43.43,0.024,255,21.668,0.975,0.904,"CA3","TBI","M"
"99","C2-AD264_6E10_8_CA3.oir",6,247.192,41.199,0.015,255,21.014,1,0.891,"CA3","TBI","M"
"100","C2-AD271_6E10_1_CA3.oir",0,0,NA,0,NA,NA,NA,NA,"CA3","TBI","F"
"101","C2-AD271_6E10_2_CA3.oir",1,16.994,16.994,0.001,255,13.761,1,0.957,"CA3","TBI","F"
"102","C2-AD271_6E10_3_CA3.oir",0,0,NA,0,NA,NA,NA,NA,"CA3","TBI","F"
"103","C2-AD271_6E10_4_CA3.oir",1,41.714,41.714,0.003,255,22.55,1,0.885,"CA3","TBI","F"
"104","C2-AD271_6E10_5_CA3.oir",0,0,NA,0,NA,NA,NA,NA,"CA3","TBI","F"
"105","C2-AD271_6E10_6_CA3.oir",0,0,NA,0,NA,NA,NA,NA,"CA3","TBI","F"
"106","C2-AD271_6E10_7_CA3.oir",1,18.539,18.539,0.001,255,14.062,1,0.857,"CA3","TBI","F"
"107","C2-AD271_6E10_8_CA3.oir",0,0,NA,0,NA,NA,NA,NA,"CA3","TBI","F"
"108","C2-AD280_6E10_1_CA3.oir",13,730.762,56.212,0.045,255,24.439,0.977,0.89,"CA3","TBI","M"
"109","C2-AD280_6E10_2_CA3.oir",2,105.057,52.528,0.006,255,25.4,0.987,0.911,"CA3","TBI","M"
"110","C2-AD280_6E10_3_CA3.oir",7,806.465,115.209,0.05,255,37.749,0.865,0.871,"CA3","TBI","M"
"111","C2-AD280_6E10_5_CA3.oir",7,381.603,54.515,0.024,255,24.681,0.961,0.911,"CA3","TBI","M"
"112","C2-AD280_6E10_6_CA3.oir",6,704.498,117.416,0.043,255,37.504,0.851,0.859,"CA3","TBI","M"
"113","C2-AD280_6E10_7_CA3.oir",4,296.631,74.158,0.018,255,30.523,0.964,0.901,"CA3","TBI","M"
"114","C2-AD061_6E10_7_CA3.oir",9,208.569,23.174,0.013,255,15.471,0.973,0.87,"CA3","TBI","M"
"115","C2-AD280_6E10_8_CA3.oir",5,284.271,56.854,0.018,255,22.721,0.992,0.914,"CA3","TBI","M"
"116","C2-AD061_6E10_8_CA3.oir",30,3008.022,100.267,0.186,255,30.379,0.972,0.9,"CA3","TBI","M"
"117","C2-AD077_6E10_1_CA3.oir",1,26.264,26.264,0.002,255,17.277,1,0.919,"CA3","TBI","M"
"118","C2-AD077_6E10_2_CA3.oir",2,41.714,20.857,0.003,255,15.519,1,0.941,"CA3","TBI","M"
"119","C2-AD077_6E10_3_CA3.oir",0,0,NA,0,NA,NA,NA,NA,"CA3","TBI","M"
"120","C2-AD077_6E10_4_CA3.oir",0,0,NA,0,NA,NA,NA,NA,"CA3","TBI","M"
"121","C2-AD077_6E10_5_CA3.oir",1,16.994,16.994,0.001,255,14.062,1,0.815,"CA3","TBI","M"
"122","C2-AD077_6E10_6_CA3.oir",0,0,NA,0,NA,NA,NA,NA,"CA3","TBI","M"
"123","C2-AD077_6E10_7_CA3.oir",1,12.36,12.36,0.0007629,255,11.275,1,0.941,"CA3","TBI","M"
"124","C2-AD061_6E10_2_CA3.oir",3,30.899,10.3,0.002,255,9.86,1,0.97,"CA3","TBI","M"
"125","C2-AD077_6E10_8_CA3.oir",0,0,NA,0,NA,NA,NA,NA,"CA3","TBI","M"
"126","C2-AD077_6E10_9_CA3.oir",0,0,NA,0,NA,NA,NA,NA,"CA3","TBI","M"
"127","C2-AD171_6E10_1_CA3.oir",0,0,NA,0,NA,NA,NA,NA,"CA3","TBI","M"
"128","C2-AD061_6E10_3_CA3.oir",1,16.994,16.994,0.001,255,14.062,1,0.815,"CA3","TBI","M"
"129","C2-AD171_6E10_2_CA3.oir",2,84.972,42.486,0.005,255,21.884,1,0.934,"CA3","TBI","M"
"130","C2-AD171_6E10_3_CA3.oir",6,304.356,50.726,0.019,255,23.935,0.991,0.914,"CA3","TBI","M"
"131","C2-AD171_6E10_4_CA3.oir",2,367.699,183.849,0.023,255,52.558,0.828,0.893,"CA3","TBI","M"
"132","C2-AD171_6E10_5_DG.oir",1,194.664,194.664,0.012,255,64.561,0.587,0.752,"DG","TBI","M"
"133","C2-AD173_6E10_1_DG.oir",17,4878.96,286.998,0.301,255,61.791,0.846,0.864,"DG","TBI","M"
"134","C2-AD173_6E10_2_DG.oir",3,94.242,31.414,0.006,255,18.691,0.991,0.94,"DG","TBI","M"
"135","C2-AD173_6E10_3_DG.oir",5,261.097,52.219,0.016,255,19.12,0.907,0.863,"DG","TBI","M"
"136","C2-AD173_6E10_4_DG.oir",2,43.259,21.629,0.003,255,14.64,1,0.968,"DG","TBI","M"
"137","C2-AD173_6E10_5_DG.oir",2,77.248,38.624,0.005,255,21.884,0.987,0.9,"DG","TBI","M"
"138","C2-AD173_6E10_6_DG.oir",1,217.838,217.838,0.013,255,65.414,0.64,0.857,"DG","TBI","M"
"139","C2-AD173_6E10_7_DG.oir",2,120.506,60.253,0.007,255,27.522,0.984,0.917,"DG","TBI","M"
"140","C2-AD173_6E10_8_DG.oir",4,142.136,35.534,0.009,255,20.353,0.974,0.879,"DG","TBI","M"
"141","C2-AD186_6E10_1_DG.oir",3,557.728,185.909,0.034,255,50.297,0.868,0.928,"DG","TBI","F"
"142","C2-AD186_6E10_2_DG.oir",4,146.77,36.693,0.009,255,20.095,0.975,0.899,"DG","TBI","F"
"143","C2-AD186_6E10_3_DG.oir",3,61.798,20.599,0.004,255,12.79,1,0.967,"DG","TBI","F"
"144","C2-AD186_6E10_4_DG.oir",5,410.957,82.191,0.025,255,32.966,0.927,0.909,"DG","TBI","F"
"145","C2-AD061_6E10_4_DG.oir",2,156.04,78.02,0.01,255,30.159,0.972,0.919,"DG","TBI","M"
"146","C2-AD186_6E10_5_DG.oir",6,409.412,68.235,0.025,255,28.451,0.983,0.903,"DG","TBI","F"
"147","C2-AD186_6E10_6_DG.oir",8,667.419,83.427,0.041,255,30.303,0.984,0.907,"DG","TBI","F"
"148","C2-AD186_6E10_7_DG.oir",6,877.533,146.255,0.054,255,54.7,0.744,0.784,"DG","TBI","F"
"149","C2-AD262_6E10_1_DG.oir",3,114.326,38.109,0.007,255,20.692,1,0.911,"DG","TBI","F"
"150","C2-AD262_6E10_2_DG.oir",6,118.961,19.827,0.007,255,14.69,0.975,0.877,"DG","TBI","F"
"151","C2-AD262_6E10_3_DG.oir",2,27.809,13.905,0.002,255,11.275,1,0.967,"DG","TBI","F"
"152","C2-AD262_6E10_4_DG.oir",9,375.423,41.714,0.023,255,20.058,0.996,0.927,"DG","TBI","F"
"153","C2-AD262_6E10_5_DG.oir",4,72.613,18.153,0.004,255,13.654,1,0.905,"DG","TBI","F"
"154","C2-AD262_6E10_6_DG.oir",8,233.288,29.161,0.014,255,18.739,0.912,0.915,"DG","TBI","F"
"155","C2-AD262_6E10_7_DG.oir",4,106.602,26.65,0.007,255,16.912,1,0.888,"DG","TBI","F"
"156","C2-AD262_6E10_8_DG.oir",1,9.27,9.27,0.0005722,255,10.547,1,0.8,"DG","TBI","F"
"157","C2-AD264_6E10_1_DG.oir",9,440.311,48.923,0.027,255,22.74,0.978,0.904,"DG","TBI","M"
"158","C2-AD264_6E10_2_DG.oir",6,299.721,49.953,0.019,255,22.521,0.966,0.916,"DG","TBI","M"
"159","C2-AD061_6E10_5_DG.oir",7,120.506,17.215,0.007,255,13.076,0.991,0.934,"DG","TBI","M"
"160","C2-AD264_6E10_3_DG.oir",5,171.49,34.298,0.011,255,19.155,0.981,0.892,"DG","TBI","M"
"161","C2-AD264_6E10_4_DG.oir",7,336.8,48.114,0.021,255,22.187,0.958,0.922,"DG","TBI","M"
"162","C2-AD264_6E10_5_DG.oir",3,284.271,94.757,0.018,255,29.037,0.98,0.9,"DG","TBI","M"
"163","C2-AD264_6E10_6_DG.oir",5,258.007,51.601,0.016,255,23.132,0.967,0.9,"DG","TBI","M"
"164","C2-AD264_6E10_7_DG.oir",7,414.047,59.15,0.026,255,25.868,0.972,0.913,"DG","TBI","M"
"165","C2-AD264_6E10_8_DG.oir",2,67.978,33.989,0.004,255,18.519,1,0.875,"DG","TBI","M"
"166","C2-AD271_6E10_2_DG.oir",3,122.051,40.684,0.008,255,21.177,0.99,0.916,"DG","TBI","F"
"167","C2-AD271_6E10_3_DG.oir",1,46.349,46.349,0.003,255,30.309,0.634,0.759,"DG","TBI","F"
"168","C2-AD061_6E10_6_DG.oir",6,393.963,65.66,0.024,255,27.036,0.981,0.9,"DG","TBI","M"
"169","C2-AD271_6E10_4_DG.oir",2,18.539,9.27,0.001,255,10.396,1,0.892,"DG","TBI","F"
"170","C2-AD271_6E10_5_DG.oir",2,78.793,39.396,0.005,255,25.036,0.817,0.818,"DG","TBI","F"
"171","C2-AD271_6E10_6_DG.oir",4,101.967,25.492,0.006,255,17.277,0.981,0.906,"DG","TBI","F"
"172","C2-AD271_6E10_7_DG.oir",1,24.719,24.719,0.002,255,17.277,1,0.889,"DG","TBI","F"
"173","C2-AD271_6E10_8_DG.oir",5,143.681,28.736,0.009,255,17.688,0.986,0.891,"DG","TBI","F"
"174","C2-AD280_6E10_1_DG.oir",8,466.576,58.322,0.029,255,23.733,0.982,0.914,"DG","TBI","M"
"175","C2-AD280_6E10_2_DG.oir",7,225.563,32.223,0.014,255,19.052,0.979,0.924,"DG","TBI","M"
"176","C2-AD280_6E10_3_DG.oir",9,319.805,35.534,0.02,255,20.072,0.938,0.913,"DG","TBI","M"
"177","C2-AD280_6E10_4_DG.oir",7,336.8,48.114,0.021,255,22.335,0.961,0.922,"DG","TBI","M"
"178","C2-AD280_6E10_6_DG.oir",11,934.696,84.972,0.058,255,31.115,0.933,0.885,"DG","TBI","M"
"179","C2-AD280_6E10_7_DG.oir",3,89.607,29.869,0.006,255,16.205,0.975,0.906,"DG","TBI","M"
"180","C2-AD280_6E10_8_DG.oir",0,0,NA,0,NA,NA,NA,NA,"DG","TBI","M"
"181","C2-AD061_6E10_7_DG.oir",5,370.789,74.158,0.023,255,29.425,0.87,0.879,"DG","TBI","M"
"182","C2-AD061_6E10_8_DG.oir",10,355.339,35.534,0.022,255,19.18,0.992,0.901,"DG","TBI","M"
"183","C2-AD061_6E10_1_DG.oir",9,517.559,57.507,0.032,255,26.107,0.956,0.917,"DG","TBI","M"
"184","C2-AD077_6E10_1_DG.oir",0,0,NA,0,NA,NA,NA,NA,"DG","TBI","M"
"185","C2-AD077_6E10_2_DG.oir",2,64.888,32.444,0.004,255,18.67,0.987,0.844,"DG","TBI","M"
"186","C2-AD077_6E10_3_DG.oir",0,0,NA,0,NA,NA,NA,NA,"DG","TBI","M"
"187","C2-AD077_6E10_4_DG.oir",0,0,NA,0,NA,NA,NA,NA,"DG","TBI","M"
"188","C2-AD077_6E10_5_DG.oir",0,0,NA,0,NA,NA,NA,NA,"DG","TBI","M"
"189","C2-AD077_6E10_6_DG.oir",0,0,NA,0,NA,NA,NA,NA,"DG","TBI","M"
"190","C2-AD077_6E10_7_DG.oir",0,0,NA,0,NA,NA,NA,NA,"DG","TBI","M"
"191","C2-AD077_6E10_8_DG.oir",0,0,NA,0,NA,NA,NA,NA,"DG","TBI","M"
"192","C2-AD077_6E10_9_DG.oir",0,0,NA,0,NA,NA,NA,NA,"DG","TBI","M"
"193","C2-AD061_6E10_2_DG.oir",2,91.152,45.576,0.006,255,23.278,1,0.921,"DG","TBI","M"
"194","C2-AD171_6E10_1_DG.oir",0,0,NA,0,NA,NA,NA,NA,"DG","TBI","M"
"195","C2-AD171_6E10_2_DG.oir",1,7.725,7.725,0.0004768,255,8.789,1,0.909,"DG","TBI","M"
"196","C2-AD171_6E10_3_DG.oir",10,1898.746,189.875,0.117,255,50.109,0.851,0.859,"DG","TBI","M"
"197","C2-AD171_6E10_4_DG.oir",2,71.068,35.534,0.004,255,19.762,0.974,0.946,"DG","TBI","M"
"198","C2-AD061_6E10_3_DG.oir",2,105.057,52.528,0.006,255,24.521,0.991,0.915,"DG","TBI","M"
"199","C2-AD073_6E10 1 CA1.oir",3,105.057,35.019,0.006,255,19.034,0.998,0.896,"CA1","SHAM","M"
"200","C2-AD182_6E10_6_CA1.oir",2,129.776,64.888,0.008,255,27.309,0.974,0.875,"CA1","SHAM","F"
"201","C2-AD182_6E10_7_CA1.oir",2,108.147,54.073,0.007,255,24.521,0.984,0.922,"CA1","SHAM","F"
"202","C2-AD259_6E10_1_CA1.oir",8,359.974,44.997,0.022,255,20.626,0.993,0.909,"CA1","SHAM","M"
"203","C2-AD259_6E10_2_CA1.oir",13,553.093,42.546,0.034,255,20.363,0.991,0.913,"CA1","SHAM","M"
"204","C2-AD259_6E10_3_CA1.oir",6,560.818,93.47,0.035,255,34.917,0.847,0.862,"CA1","SHAM","M"
"205","C2-AD259_6E10_4_CA1.oir",10,825.005,82.5,0.051,255,31.487,0.955,0.921,"CA1","SHAM","M"
"206","C2-AD073_6E10_4_CA1.oir",7,716.858,102.408,0.044,255,31.289,0.971,0.904,"CA1","SHAM","M"
"207","C2-AD259_6E10_5_CA1.oir",6,525.284,87.547,0.032,255,31.916,0.93,0.9,"CA1","SHAM","M"
"208","C2-AD259_6E10_6_CA1.oir",9,367.699,40.855,0.023,255,20.611,0.975,0.9,"CA1","SHAM","M"
"209","C2-AD259_6E10_7_CA1.oir",9,588.627,65.403,0.036,255,26.76,0.984,0.915,"CA1","SHAM","M"
"210","C2-AD259_6E10_8_CA1.oir",8,339.89,42.486,0.021,255,21.831,0.991,0.922,"CA1","SHAM","M"
"211","C2-AD270_6E10_1_CA1.oir",14,976.41,69.744,0.06,255,27.794,0.982,0.918,"CA1","SHAM","F"
"212","C2-AD270_6E10_2_CA1.oir",7,284.271,40.61,0.018,255,20.369,0.953,0.907,"CA1","SHAM","F"
"213","C2-AD270_6E10_3_CA1.oir",4,81.882,20.471,0.005,255,14.018,1,0.958,"CA1","SHAM","F"
"214","C2-AD270_6E10_4_CA1.oir",7,393.963,56.28,0.024,255,24.846,0.979,0.913,"CA1","SHAM","F"
"215","C2-AD270_6E10_5_CA1.oir",11,599.442,54.495,0.037,255,25.02,0.945,0.905,"CA1","SHAM","F"
"216","C2-AD270_6E10_6_CA1.oir",18,804.92,44.718,0.05,255,22.059,0.989,0.902,"CA1","SHAM","F"
"217","C2-AD270_6E10_7_CA1.oir",5,103.512,20.702,0.006,255,14.791,0.986,0.879,"CA1","SHAM","F"
"218","C2-AD073_6E10_5_CA1.oir",16,1510.963,94.435,0.093,255,29.007,0.95,0.886,"CA1","SHAM","M"
"219","C2-AD270_6E10_8_CA1.oir",16,913.067,57.067,0.056,255,25.063,0.988,0.91,"CA1","SHAM","F"
"220","C2-AD273_6E10_1_CA1.oir",2,55.618,27.809,0.003,255,16.762,1,0.955,"CA1","SHAM","F"
"221","C2-AD273_6E10_2_CA1.oir",0,0,NA,0,NA,NA,NA,NA,"CA1","SHAM","F"
"222","C2-AD273_6E10_3_CA1.oir",4,250.282,62.571,0.015,255,26.354,0.999,0.887,"CA1","SHAM","F"
"223","C2-AD273_6E10_4_CA1.oir",5,254.917,50.983,0.016,255,23.69,0.984,0.901,"CA1","SHAM","F"
"224","C2-AD273_6E10_5_CA1.oir",4,151.405,37.851,0.009,255,20.899,0.96,0.88,"CA1","SHAM","F"
"225","C2-AD273_6E10_6_CA1.oir",2,186.939,93.47,0.012,255,34.917,0.952,0.911,"CA1","SHAM","F"
"226","C2-AD273_6E10_7_CA1.oir",6,431.042,71.84,0.027,255,29.158,0.988,0.918,"CA1","SHAM","F"
"227","C2-AD273_6E10_8_CA1.oir",3,132.866,44.289,0.008,255,22.793,1,0.903,"CA1","SHAM","F"
"228","C2-AD284_6E10_1_CA1.oir",0,0,NA,0,NA,NA,NA,NA,"CA1","SHAM","F"
"229","C2-AD073_6E10_6_CA1.oir",8,531.464,66.433,0.033,255,28.385,0.902,0.871,"CA1","SHAM","M"
"230","C2-AD284_6E10_2_CA1.oir",0,0,NA,0,NA,NA,NA,NA,"CA1","SHAM","F"
"231","C2-AD284_6E10_3_CA1.oir",0,0,NA,0,NA,NA,NA,NA,"CA1","SHAM","F"
"232","C2-AD284_6E10_4_CA1.oir",0,0,NA,0,NA,NA,NA,NA,"CA1","SHAM","F"
"233","C2-AD073_6E10_1_CA1.oir",3,105.057,35.019,0.006,255,19.034,0.998,0.896,"CA1","SHAM","M"
"234","C2-AD080_6E10_1_CA1.oir",8,437.222,54.653,0.027,255,25.256,0.969,0.899,"CA1","SHAM","F"
"235","C2-AD080_6E10_2_CA1.oir",18,713.768,39.654,0.044,255,19.732,0.975,0.913,"CA1","SHAM","F"
"236","C2-AD080_6E10_3_CA1.oir",30,3820.667,127.356,0.236,255,34.661,0.94,0.901,"CA1","SHAM","F"
"237","C2-AD080_6E10_4_CA1.oir",6,566.998,94.5,0.035,255,36.675,0.895,0.887,"CA1","SHAM","F"
"238","C2-AD080_6E10_6_CA1.oir",7,245.647,35.092,0.015,255,18.844,0.904,0.872,"CA1","SHAM","F"
"239","C2-AD080_6E10_7_CA1.oir",4,271.912,67.978,0.017,255,28.916,0.997,0.909,"CA1","SHAM","F"
"240","C2-AD085_6E10_1_CA1.oir",0,0,NA,0,NA,NA,NA,NA,"CA1","SHAM","M"
"241","C2-AD085_6E10_2_CA1.oir",0,0,NA,0,NA,NA,NA,NA,"CA1","SHAM","M"
"242","C2-AD073_6E10_2_CA1.oir",0,0,NA,0,NA,NA,NA,NA,"CA1","SHAM","M"
"243","C2-AD085_6E10_3_CA1.oir",2,84.972,42.486,0.005,255,20.792,0.96,0.843,"CA1","SHAM","M"
"244","C2-AD085_6E10_4_CA1.oir",0,0,NA,0,NA,NA,NA,NA,"CA1","SHAM","M"
"245","C2-AD085_6E10_5_CA1.oir",0,0,NA,0,NA,NA,NA,NA,"CA1","SHAM","M"
"246","C2-AD085_6E10_6_CA1.oir",0,0,NA,0,NA,NA,NA,NA,"CA1","SHAM","M"
"247","C2-AD085_6E10_7_CA1.oir",2,72.613,36.306,0.004,255,20.277,1,0.907,"CA1","SHAM","M"
"248","C2-AD175_6E10_1_CA1.oir",3,163.765,54.588,0.01,255,26.208,0.975,0.884,"CA1","SHAM","F"
"249","C2-AD175_6E10_2_CA1.oir",3,57.163,19.054,0.004,255,14.205,0.966,0.916,"CA1","SHAM","F"
"250","C2-AD175_6E10_3_CA1.oir",15,560.818,37.388,0.035,255,20.077,0.959,0.923,"CA1","SHAM","F"
"251","C2-AD175_6E10_4_CA1.oir",17,994.949,58.526,0.061,255,26.972,0.892,0.864,"CA1","SHAM","F"
"252","C2-AD175_6E10_5_CA1.oir",1,60.253,60.253,0.004,255,28.552,0.929,0.867,"CA1","SHAM","F"
"253","C2-AD182_6E10_1_CA1.oir",2,159.13,79.565,0.01,255,31.037,0.983,0.915,"CA1","SHAM","F"
"254","C2-AD073_6E10_3_CA1.oir",0,0,NA,0,NA,NA,NA,NA,"CA1","SHAM","M"
"255","C2-AD182_6E10_2_CA1.oir",2,40.169,20.084,0.002,255,14.791,1,0.899,"CA1","SHAM","F"
"256","C2-AD182_6E10_4_CA1.oir",0,0,NA,0,NA,NA,NA,NA,"CA1","SHAM","F"
"257","C2-AD182_6E10_5_CA1.oir",2,64.888,32.444,0.004,255,18.884,1,0.948,"CA1","SHAM","F"
"258","C2-AD182_6E10_6_CA3.oir",0,0,NA,0,NA,NA,NA,NA,"CA3","SHAM","F"
"259","C2-AD182_6E10_7_CA3.oir",2,74.158,37.079,0.005,255,19.913,1,0.912,"CA3","SHAM","F"
"260","C2-AD259_6E10_1_CA3.oir",21,902.252,42.964,0.056,255,21.208,0.987,0.894,"CA3","SHAM","M"
"261","C2-AD259_6E10_2_CA3.oir",21,977.955,46.569,0.06,255,22.288,0.975,0.905,"CA3","SHAM","M"
"262","C2-AD259_6E10_3_CA3.oir",9,319.805,35.534,0.02,255,19.358,0.982,0.914,"CA3","SHAM","M"
"263","C2-AD259_6E10_4_CA3.oir",16,672.054,42.003,0.041,255,20.205,0.99,0.905,"CA3","SHAM","M"
"264","C2-AD259_6E10_5_CA3.oir",13,548.458,42.189,0.034,255,21.725,0.958,0.896,"CA3","SHAM","M"
"265","C2-AD259_6E10_6_CA3.oir",4,122.051,30.513,0.008,255,18.08,1,0.898,"CA3","SHAM","M"
"266","C2-AD259_6E10_7_CA3.oir",2,64.888,32.444,0.004,255,18.519,1,0.952,"CA3","SHAM","M"
"267","C2-AD259_6E10_8_CA3.oir",16,755.482,47.218,0.047,255,22.948,0.987,0.906,"CA3","SHAM","M"
"268","C2-AD073_6E10_4_CA3.oir",4,281.181,70.295,0.017,255,27.779,0.988,0.906,"CA3","SHAM","M"
"269","C2-AD270_6E10_1_CA3.oir",6,301.266,50.211,0.019,255,22.813,0.999,0.934,"CA3","SHAM","F"
"270","C2-AD270_6E10_2_CA3.oir",6,432.587,72.098,0.027,255,28.987,0.934,0.904,"CA3","SHAM","F"
"271","C2-AD270_6E10_3_CA3.oir",11,624.161,56.742,0.039,255,24.992,0.988,0.925,"CA3","SHAM","F"
"272","C2-AD270_6E10_4_CA3.oir",6,279.636,46.606,0.017,255,23.278,0.994,0.91,"CA3","SHAM","F"
"273","C2-AD270_6E10_5_CA3.oir",7,162.22,23.174,0.01,255,15.562,0.998,0.93,"CA3","SHAM","F"
"274","C2-AD270_6E10_6_CA3.oir",8,414.047,51.756,0.026,255,23.937,0.993,0.917,"CA3","SHAM","F"
"275","C2-AD270_6E10_7_CA3.oir",5,165.31,33.062,0.01,255,19.968,0.935,0.893,"CA3","SHAM","F"
"276","C2-AD270_6E10_8_CA3.oir",6,353.794,58.966,0.022,255,26.158,0.992,0.906,"CA3","SHAM","F"
"277","C2-AD273_6E10_1_CA3.oir",9,471.21,52.357,0.029,255,25.002,0.92,0.903,"CA3","SHAM","F"
"278","C2-AD273_6E10_2_CA3.oir",3,69.523,23.174,0.004,255,15.761,1,0.967,"CA3","SHAM","F"
"279","C2-AD273_6E10_3_CA3.oir",4,137.501,34.375,0.008,255,19.216,1,0.923,"CA3","SHAM","F"
"280","C2-AD273_6E10_4_CA3.oir",8,427.952,53.494,0.026,255,23.809,0.973,0.909,"CA3","SHAM","F"
"281","C2-AD273_6E10_5_CA3.oir",5,139.046,27.809,0.009,255,18.356,0.992,0.918,"CA3","SHAM","F"
"282","C2-AD273_6E10_6_CA3.oir",0,0,NA,0,NA,NA,NA,NA,"CA3","SHAM","F"
"283","C2-AD273_6E10_7_CA3.oir",7,573.177,81.882,0.035,255,31.514,0.985,0.928,"CA3","SHAM","F"
"284","C2-AD273_6E10_8_CA3.oir",5,171.49,34.298,0.011,255,19.411,0.979,0.934,"CA3","SHAM","F"
"285","C2-AD284_6E10_1_CA3.oir",0,0,NA,0,NA,NA,NA,NA,"CA3","SHAM","F"
"286","C2-AD284_6E10_2_CA3.oir",0,0,NA,0,NA,NA,NA,NA,"CA3","SHAM","F"
"287","C2-AD284_6E10_3_CA3.oir",0,0,NA,0,NA,NA,NA,NA,"CA3","SHAM","F"
"288","C2-AD284_6E10_4_CA3.oir",1,44.804,44.804,0.003,255,23.278,1,0.906,"CA3","SHAM","F"
"289","C2-AD073_6E10_6_CA3.oir",9,508.289,56.477,0.031,255,26.208,0.92,0.856,"CA3","SHAM","M"
"290","C2-AD080_6E10_1_CA3.oir",14,607.166,43.369,0.037,255,22.923,0.966,0.887,"CA3","SHAM","F"
"291","C2-AD080_6E10_2_CA3.oir",16,787.926,49.245,0.049,255,22.914,0.929,0.859,"CA3","SHAM","F"
"292","C2-AD073_6E10_1_CA3.oir",3,224.018,74.673,0.014,255,29.765,0.979,0.917,"CA3","SHAM","M"
"293","C2-AD080_6E10_3_CA3.oir",28,2553.806,91.207,0.158,255,28.903,0.96,0.902,"CA3","SHAM","F"
"294","C2-AD080_6E10_4_CA3.oir",17,1234.417,72.613,0.076,255,29.761,0.925,0.896,"CA3","SHAM","F"
"295","C2-AD080_6E10_5_CA3.oir",13,763.206,58.708,0.047,255,25.022,0.918,0.875,"CA3","SHAM","F"
"296","C2-AD080_6E10_6_CA3.oir",2,380.058,190.029,0.023,255,62.501,0.682,0.82,"CA3","SHAM","F"
"297","C2-AD080_6E10_7_CA3.oir",19,1045.933,55.049,0.065,255,24.803,0.958,0.901,"CA3","SHAM","F"
"298","C2-AD085_6E10_1_CA3.oir",0,0,NA,0,NA,NA,NA,NA,"CA3","SHAM","M"
"299","C2-AD085_6E10_2_CA3.oir",0,0,NA,0,NA,NA,NA,NA,"CA3","SHAM","M"
"300","C2-AD085_6E10_3_CA3.oir",0,0,NA,0,NA,NA,NA,NA,"CA3","SHAM","M"
"301","C2-AD085_6E10_4_CA3.oir",0,0,NA,0,NA,NA,NA,NA,"CA3","SHAM","M"
"302","C2-AD085_6E10_5_CA3.oir",0,0,NA,0,NA,NA,NA,NA,"CA3","SHAM","M"
"303","C2-AD085_6E10_6_CA3.oir",0,0,NA,0,NA,NA,NA,NA,"CA3","SHAM","M"
"304","C2-AD073_6E10_2_CA3.oir",5,139.046,27.809,0.009,255,17.688,0.987,0.874,"CA3","SHAM","M"
"305","C2-AD085_6E10_7_CA3.oir",0,0,NA,0,NA,NA,NA,NA,"CA3","SHAM","M"
"306","C2-AD175_6E10_1_CA3.oir",3,199.299,66.433,0.012,255,26.693,0.983,0.89,"CA3","SHAM","F"
"307","C2-AD175_6E10_2_CA3.oir",2,86.517,43.259,0.005,255,22.55,0.977,0.883,"CA3","SHAM","F"
"308","C2-AD175_6E10_3_CA3.oir",2,35.534,17.767,0.002,255,13.912,1,0.859,"CA3","SHAM","F"
"309","C2-AD175_6E10_4_CA3.oir",8,553.093,69.137,0.034,255,26.863,0.939,0.895,"CA3","SHAM","F"
"310","C2-AD175_6E10_5_CA3.oir",2,94.242,47.121,0.006,255,24.308,0.954,0.84,"CA3","SHAM","F"
"311","C2-AD182_6E10_1_CA3.oir",2,26.264,13.132,0.002,255,12.154,1,0.892,"CA3","SHAM","F"
"312","C2-AD182_6E10_2_CA3.oir",4,69.523,17.381,0.004,255,12.957,1,0.953,"CA3","SHAM","F"
"313","C2-AD182_6E10_3_CA3.oir",0,0,NA,0,NA,NA,NA,NA,"CA3","SHAM","F"
"314","C2-AD182_6E10_4_CA3.oir",3,135.956,45.319,0.008,255,23.42,0.994,0.925,"CA3","SHAM","F"
"315","C2-AD182_6E10_5_CA3.oir",3,134.411,44.804,0.008,255,21.864,0.995,0.912,"CA3","SHAM","F"
"316","C2-AD073_6E10_3_CA3.oir",1,12.36,12.36,0.0007629,255,11.275,1,0.941,"CA3","SHAM","M"
"317","C2-AD182_6E10_6_DG.oir",2,74.158,37.079,0.005,255,21.671,0.96,0.879,"DG","SHAM","F"
"318","C2-AD259_6E10_1_DG.oir",6,236.378,39.396,0.015,255,20.692,1,0.917,"DG","SHAM","M"
"319","C2-AD073_6E10_3_DG.oir",2,40.169,20.084,0.002,255,13.912,0.994,0.931,"DG","SHAM","M"
"320","C2-AD259_6E10_2_DG.oir",6,180.759,30.127,0.011,255,17.984,0.998,0.918,"DG","SHAM","M"
"321","C2-AD259_6E10_3_DG.oir",7,282.726,40.389,0.017,255,20.792,0.992,0.877,"DG","SHAM","M"
"322","C2-AD259_6E10_4_DG.oir",7,556.183,79.455,0.034,255,30.596,0.964,0.921,"DG","SHAM","M"
"323","C2-AD259_6E10_5_DG.oir",6,329.075,54.846,0.02,255,25.157,0.943,0.88,"DG","SHAM","M"
"324","C2-AD259_6E10_6_DG.oir",9,495.93,55.103,0.031,255,23.454,0.974,0.909,"DG","SHAM","M"
"325","C2-AD259_6E10_7_DG.oir",5,322.895,64.579,0.02,255,27.934,0.977,0.906,"DG","SHAM","M"
"326","C2-AD259_6E10_8_DG.oir",5,241.013,48.203,0.015,255,23.836,0.952,0.892,"DG","SHAM","M"
"327","C2-AD270_6E10_1_DG.oir",6,268.822,44.804,0.017,255,23.45,0.983,0.893,"DG","SHAM","F"
"328","C2-AD270_6E10_2_DG.oir",7,359.974,51.425,0.022,255,23.884,0.976,0.923,"DG","SHAM","F"
"329","C2-AD270_6E10_3_DG.oir",4,176.125,44.031,0.011,255,21.596,0.979,0.928,"DG","SHAM","F"
"330","C2-AD073_6E10_4_DG.oir",23,2559.986,111.304,0.158,255,41.164,0.756,0.815,"DG","SHAM","M"
"331","C2-AD270_6E10_4_DG.oir",7,573.177,81.882,0.035,255,31.809,0.952,0.908,"DG","SHAM","F"
"332","C2-AD270_6E10_5_DG.oir",6,253.372,42.229,0.016,255,20.692,0.978,0.89,"DG","SHAM","F"
"333","C2-AD270_6E10_6_DG.oir",8,570.087,71.261,0.035,255,27.779,0.972,0.901,"DG","SHAM","F"
"334","C2-AD270_6E10_7_DG.oir",3,108.147,36.049,0.007,255,20.449,0.964,0.898,"DG","SHAM","F"
"335","C2-AD270_6E10_8_DG.oir",8,568.542,71.068,0.035,255,28.711,0.967,0.903,"DG","SHAM","F"
"336","C2-AD273_6E10_1_DG.oir",3,72.613,24.204,0.004,255,15.033,1,0.925,"DG","SHAM","F"
"337","C2-AD273_6E10_2_DG.oir",1,46.349,46.349,0.003,255,23.58,1,0.87,"DG","SHAM","F"
"338","C2-AD273_6E10_3_DG.oir",15,389.328,25.955,0.024,255,16.888,0.992,0.895,"DG","SHAM","F"
"339","C2-AD273_6E10_4_DG.oir",3,114.326,38.109,0.007,255,17.519,0.986,0.974,"DG","SHAM","F"
"340","C2-AD273_6E10_5_DG.oir",2,52.528,26.264,0.003,255,17.791,0.961,0.863,"DG","SHAM","F"
"341","C2-AD073_6E10_5_DG.oir",11,1167.984,106.18,0.072,255,33.485,0.95,0.913,"DG","SHAM","M"
"342","C2-AD273_6E10_6_DG.oir",2,77.248,38.624,0.005,255,20.641,1,0.932,"DG","SHAM","F"
"343","C2-AD273_6E10_7_DG.oir",3,194.664,64.888,0.012,255,28.794,0.949,0.892,"DG","SHAM","F"
"344","C2-AD273_6E10_8_DG.oir",2,98.877,49.438,0.006,255,25.4,0.947,0.884,"DG","SHAM","F"
"345","C2-AD284_6E10_1_DG.oir",0,0,NA,0,NA,NA,NA,NA,"DG","SHAM","F"
"346","C2-AD284_6E10_2_DG.oir",0,0,NA,0,NA,NA,NA,NA,"DG","SHAM","F"
"347","C2-AD284_6E10_3_DG.oir",0,0,NA,0,NA,NA,NA,NA,"DG","SHAM","F"
"348","C2-AD284_6E10_4_DG.oir",0,0,NA,0,NA,NA,NA,NA,"DG","SHAM","F"
"349","C2-AD073_6E10_6_DG.oir",3,140.591,46.864,0.009,255,23.864,0.998,0.915,"DG","SHAM","M"
"350","C2-AD080_6E10_1_DG.oir",7,588.627,84.09,0.036,255,28.526,0.95,0.913,"DG","SHAM","F"
"351","C2-AD080_6E10_2_DG.oir",18,2116.585,117.588,0.131,255,41.55,0.823,0.881,"DG","SHAM","F"
"352","C2-AD080_6E10_3_DG.oir",28,7876.167,281.292,0.486,255,63.784,0.743,0.829,"DG","SHAM","F"
"353","C2-AD080_6E10_4_DG.oir",14,914.612,65.329,0.056,255,27.868,0.964,0.901,"DG","SHAM","F"
"354","C2-AD080_6E10_5_DG.oir",9,520.649,57.85,0.032,255,26.174,0.943,0.897,"DG","SHAM","F"
"355","C2-AD080_6E10_6_DG.oir",4,546.913,136.728,0.034,255,39.192,0.892,0.902,"DG","SHAM","F"
"356","C2-AD080_6E10_7_DG.oir",9,409.412,45.49,0.025,255,23.116,0.933,0.875,"DG","SHAM","F"
"357","C2-AD085_6E10_1_DG.oir",0,0,NA,0,NA,NA,NA,NA,"DG","SHAM","M"
"358","C2-AD085_6E10_2_DG.oir",0,0,NA,0,NA,NA,NA,NA,"DG","SHAM","M"
"359","C2-AD085_6E10_3_DG.oir",0,0,NA,0,NA,NA,NA,NA,"DG","SHAM","M"
"360","C2-AD085_6E10_4_DG.oir",0,0,NA,0,NA,NA,NA,NA,"DG","SHAM","M"
"361","C2-AD085_6E10_5_DG.oir",0,0,NA,0,NA,NA,NA,NA,"DG","SHAM","M"
"362","C2-AD085_6E10_6_DG.oir",0,0,NA,0,NA,NA,NA,NA,"DG","SHAM","M"
"363","C2-AD085_6E10_7_DG.oir",1,23.174,23.174,0.001,255,16.247,1,0.968,"DG","SHAM","M"
"364","C2-AD175_6E10_1_DG.oir",1,20.084,20.084,0.001,255,15.82,1,0.812,"DG","SHAM","F"
"365","C2-AD175_6E10_2_DG.oir",5,148.315,29.663,0.009,255,16.137,0.97,0.922,"DG","SHAM","F"
"366","C2-AD073_6E10_2_DG.oir",0,0,NA,0,NA,NA,NA,NA,"DG","SHAM","M"
"367","C2-AD175_6E10_3_DG.oir",1,26.264,26.264,0.002,255,17.277,1,0.919,"DG","SHAM","F"
"368","C2-AD175_6E10_4_DG.oir",1,35.534,35.534,0.002,255,20.792,1,0.885,"DG","SHAM","F"
"369","C2-AD182_6E10_1_DG.oir",0,0,NA,0,NA,NA,NA,NA,"DG","SHAM","F"
"370","C2-AD182_6E10_2_DG.oir",2,15.45,7.725,0.0009537,255,8.789,1,0.9,"DG","SHAM","F"
"371","C2-AD182_6E10_4_DG.oir",6,525.284,87.547,0.032,255,33.009,0.914,0.903,"DG","SHAM","F"
"372","C2-AD182_6E10_5_DG.oir",9,196.209,21.801,0.012,255,15.862,0.962,0.885,"DG","SHAM","F"
"373","C2-AD110_6E10_1_CA1.oir",4,631.886,157.971,0.039,255,55.816,0.751,0.811,"CA1","AD","M"
"374","C2-AD146_6E10_4_CA1.oir",2,71.068,35.534,0.004,255,20.277,1,0.927,"CA1","AD","F"
"375","C2-AD276_6E10_2_CA1.oir",0,0,NA,0,NA,NA,NA,NA,"CA1","AD","M"
"376","C2-AD276_6E10_3_CA1.oir",0,0,NA,0,NA,NA,NA,NA,"CA1","AD","M"
"377","C2-AD276_6E10_4_CA1.oir",0,0,NA,0,NA,NA,NA,NA,"CA1","AD","M"
"378","C2-AD110_6E10_4_CA1.oir",5,341.434,68.287,0.021,255,29.983,0.889,0.869,"CA1","AD","M"
"379","C2-AD276_6E10_5_CA1.oir",2,89.607,44.804,0.006,255,20.277,1,0.964,"CA1","AD","M"
"380","C2-AD276_6E10_6_CA1.oir",0,0,NA,0,NA,NA,NA,NA,"CA1","AD","M"
"381","C2-AD276_6E10_7_CA1.oir",1,49.438,49.438,0.003,255,25.764,0.936,0.901,"CA1","AD","M"
"382","C2-AD277_6E10_1_CA1.oir",1,30.899,30.899,0.002,255,20.064,0.965,0.833,"CA1","AD","M"
"383","C2-AD277_6E10_2_CA1.oir",2,101.967,50.983,0.006,255,24.672,0.998,0.903,"CA1","AD","M"
"384","C2-AD277_6E10_3_CA1.oir",3,86.517,28.839,0.005,255,17.62,1,0.864,"CA1","AD","M"
"385","C2-AD277_6E10_4_CA1.oir",0,0,NA,0,NA,NA,NA,NA,"CA1","AD","M"
"386","C2-AD277_6E10_5_CA1.oir",1,63.343,63.343,0.004,255,28.552,0.976,0.872,"CA1","AD","M"
"387","C2-AD277_6E10_6_CA1.oir",0,0,NA,0,NA,NA,NA,NA,"CA1","AD","M"
"388","C2-AD277_6E10_7_CA1.oir",0,0,NA,0,NA,NA,NA,NA,"CA1","AD","M"
"389","C2-AD110_6E10_5_CA1.oir",2,101.967,50.983,0.006,255,31.1,0.666,0.846,"CA1","AD","M"
"390","C2-AD277_6E10_8_CA1.oir",8,444.946,55.618,0.027,255,25.309,0.977,0.896,"CA1","AD","M"
"391","C2-AD279_6E10_1_CA1.oir",1,21.629,21.629,0.001,255,16.548,0.993,0.848,"CA1","AD","M"
"392","C2-AD279_6E10_2_CA1.oir",2,207.024,103.512,0.013,255,32.795,0.951,0.875,"CA1","AD","M"
"393","C2-AD279_6E10_3_CA1.oir",2,35.534,17.767,0.002,255,14.276,1,0.903,"CA1","AD","M"
"394","C2-AD279_6E10_4_CA1.oir",10,329.075,32.907,0.02,255,19.489,0.928,0.864,"CA1","AD","M"
"395","C2-AD279_6E10_5_CA1.oir",0,0,NA,0,NA,NA,NA,NA,"CA1","AD","M"
"396","C2-AD110_6E10_6_CA1.oir",0,0,NA,0,NA,NA,NA,NA,"CA1","AD","M"
"397","C2-AD110_6E10_7_CA1.oir",0,0,NA,0,NA,NA,NA,NA,"CA1","AD","M"
"398","C2-AD110_6E10_8_CA1.oir",2,52.528,26.264,0.003,255,19.398,0.855,0.857,"CA1","AD","M"
"399","C2-AD112_6E10_1_CA1.oir",15,424.862,28.324,0.026,255,17.668,0.994,0.886,"CA1","AD","M"
"400","C2-AD112_6E10_2_CA1.oir",4,146.77,36.693,0.009,255,20.641,0.994,0.897,"CA1","AD","M"
"401","C2-AD112_6E10_3_CA1.oir",6,98.877,16.479,0.006,255,12.69,1,0.952,"CA1","AD","M"
"402","C2-AD112_6E10_4_CA1.oir",0,0,NA,0,NA,NA,NA,NA,"CA1","AD","M"
"403","C2-AD112_6E10_5_CA1.oir",3,97.332,32.444,0.006,255,18.206,1,0.913,"CA1","AD","M"
"404","C2-AD112_6E10_6_CA1.oir",2,46.349,23.174,0.003,255,16.548,0.969,0.856,"CA1","AD","M"
"405","C2-AD110_6E10_2_CA1.oir",3,1572.762,524.254,0.097,255,73.35,0.843,0.838,"CA1","AD","M"
"406","C2-AD146_6E10_5_CA1.oir",2,123.596,61.798,0.008,255,27.158,1,0.913,"CA1","AD","F"
"407","C2-AD130_6E10_1_CA1.oir",4,214.748,53.687,0.013,255,26.612,0.905,0.864,"CA1","AD","F"
"408","C2-AD130_6E10_3_CA1.oir",14,1387.367,99.098,0.086,255,33.021,0.942,0.913,"CA1","AD","F"
"409","C2-AD130_6E10_4_CA1.oir",5,312.08,62.416,0.019,255,23.921,0.991,0.928,"CA1","AD","F"
"410","C2-AD130_6E10_5_CA1.oir",1,6.18,6.18,0.0003815,255,7.031,1,1,"CA1","AD","F"
"411","C2-AD130_6E10_7_CA1.oir",8,2325.153,290.644,0.144,255,65.979,0.786,0.88,"CA1","AD","F"
"412","C2-AD266_6E10_1_CA1.oir",23,1464.615,63.679,0.09,255,26.696,0.979,0.896,"CA1","AD","M"
"413","C2-AD266_6E10_2_CA1.oir",23,1580.486,68.717,0.098,255,26.963,0.966,0.909,"CA1","AD","M"
"414","C2-AD144_6E10_1_CA1.oir",0,0,NA,0,NA,NA,NA,NA,"CA1","AD","F"
"415","C2-AD110_6E10_3_CA1.oir",2,3023.472,1511.736,0.187,255,151.318,0.734,0.893,"CA1","AD","M"
"416","C2-AD146_6E10_6_CA1.oir",4,154.495,38.624,0.01,255,21.52,0.998,0.915,"CA1","AD","F"
"417","C2-AD266_6E10_3_CA1.oir",7,376.968,53.853,0.023,255,24.846,0.967,0.916,"CA1","AD","M"
"418","C2-AD144_6E10_2_CA1.oir",1,38.624,38.624,0.002,255,21.52,1,0.909,"CA1","AD","F"
"419","C2-AD266_6E10_4_CA1.oir",9,648.88,72.098,0.04,255,25.717,0.99,0.924,"CA1","AD","M"
"420","C2-AD144_6E10_3_CA1.oir",2,302.811,151.405,0.019,255,45.376,0.702,0.833,"CA1","AD","F"
"421","C2-AD275_6E10_1_CA1.oir",4,131.321,32.83,0.008,255,20.641,0.903,0.866,"CA1","AD","F"
"422","C2-AD275_6E10_2_CA1.oir",1,46.349,46.349,0.003,255,23.278,1,0.923,"CA1","AD","F"
"423","C2-AD144_6E10_4_CA1.oir",0,0,NA,0,NA,NA,NA,NA,"CA1","AD","F"
"424","C2-AD275_6E10_3_CA1.oir",2,60.253,30.127,0.004,255,18.519,1,0.93,"CA1","AD","F"
"425","C2-AD144_6E10_5_CA1.oir",0,0,NA,0,NA,NA,NA,NA,"CA1","AD","F"
"426","C2-AD275_6E10_4_CA1.oir",2,154.495,77.248,0.01,255,30.159,1,0.912,"CA1","AD","F"
"427","C2-AD146_6E10_1_CA1.oir",3,128.231,42.744,0.008,255,22.349,0.991,0.93,"CA1","AD","F"
"428","C2-AD275_6E10_5_CA1.oir",1,13.905,13.905,0.0008583,255,12.003,1,1,"CA1","AD","F"
"429","C2-AD146_6E10_2_CA1.oir",3,308.99,102.997,0.019,255,34.109,0.996,0.924,"CA1","AD","F"
"430","C2-AD275_6E10_6_CA1.oir",4,88.062,22.016,0.005,255,14.791,1,0.892,"CA1","AD","F"
"431","C2-AD146_6E10_3_CA1.oir",3,108.147,36.049,0.007,255,19.762,1,0.919,"CA1","AD","F"
"432","C2-AD275_6E10_7_CA1.oir",1,54.073,54.073,0.003,255,26.794,0.947,0.864,"CA1","AD","F"
"433","C2-AD276_6E10_1_CA1.oir",0,0,NA,0,NA,NA,NA,NA,"CA1","AD","M"
"434","C2-AD276_6E10_2_CA3.oir",0,0,NA,0,NA,NA,NA,NA,"CA3","AD","M"
"435","C2-AD276_6E10_3_CA3.oir",0,0,NA,0,NA,NA,NA,NA,"CA3","AD","M"
"436","C2-AD276_6E10_4_CA3.oir",0,0,NA,0,NA,NA,NA,NA,"CA3","AD","M"
"437","C2-AD276_6E10_5_CA3.oir",0,0,NA,0,NA,NA,NA,NA,"CA3","AD","M"
"438","C2-AD276_6E10_6_CA3.oir",4,95.787,23.947,0.006,255,16.291,1,0.87,"CA3","AD","M"
"439","C2-AD276_6E10_7_CA3.oir",0,0,NA,0,NA,NA,NA,NA,"CA3","AD","M"
"440","C2-AD110_6E10_4_CA3.oir",2,38.624,19.312,0.002,255,15.155,1,0.873,"CA3","AD","M"
"441","C2-AD277_6E10_1_CA3.oir",0,0,NA,0,NA,NA,NA,NA,"CA3","AD","M"
"442","C2-AD277_6E10_2_CA3.oir",2,57.163,28.582,0.004,255,17.063,0.999,0.829,"CA3","AD","M"
"443","C2-AD277_6E10_3_CA3.oir",1,30.899,30.899,0.002,255,19.336,1,0.833,"CA3","AD","M"
"444","C2-AD277_6E10_4_CA3.oir",0,0,NA,0,NA,NA,NA,NA,"CA3","AD","M"
"445","C2-AD277_6E10_5_CA3.oir",1,222.473,222.473,0.014,255,54.742,0.933,0.938,"CA3","AD","M"
"446","C2-AD277_6E10_6_CA3.oir",0,0,NA,0,NA,NA,NA,NA,"CA3","AD","M"
"447","C2-AD277_6E10_7_CA3.oir",1,21.629,21.629,0.001,255,15.519,1,0.933,"CA3","AD","M"
"448","C2-AD277_6E10_8_CA3.oir",5,285.816,57.163,0.018,255,26.467,0.983,0.904,"CA3","AD","M"
"449","C2-AD279_6E10_1_CA3.oir",0,0,NA,0,NA,NA,NA,NA,"CA3","AD","M"
"450","C2-AD279_6E10_2_CA3.oir",1,67.978,67.978,0.004,255,28.25,1,0.946,"CA3","AD","M"
"451","C2-AD110_6E10_5_CA3.oir",1,29.354,29.354,0.002,255,21.52,0.796,0.826,"CA3","AD","M"
"452","C2-AD279_6E10_3_CA3.oir",0,0,NA,0,NA,NA,NA,NA,"CA3","AD","M"
"453","C2-AD279_6E10_4_CA3.oir",0,0,NA,0,NA,NA,NA,NA,"CA3","AD","M"
"454","C2-AD279_6E10_5_CA3.oir",0,0,NA,0,NA,NA,NA,NA,"CA3","AD","M"
"455","C2-AD110_6E10_6_CA3.oir",0,0,NA,0,NA,NA,NA,NA,"CA3","AD","M"
"456","C2-AD110_6E10_1_CA3.oir",1,1650.009,1650.009,0.102,255,195.565,0.542,0.828,"CA3","AD","M"
"457","C2-AD146_6E10_4_CA3.oir",1,33.989,33.989,0.002,255,19.762,1,0.936,"CA3","AD","F"
"458","C2-AD110_6E10_7_CA3.oir",2,52.528,26.264,0.003,255,17.641,1,0.932,"CA3","AD","M"
"459","C2-AD110_6E10_8_CA3.oir",1,12.36,12.36,0.0007629,255,11.275,1,0.941,"CA3","AD","M"
"460","C2-AD112_6E10_1_CA3.oir",8,202.389,25.299,0.012,255,16.291,0.974,0.879,"CA3","AD","M"
"461","C2-AD112_6E10_2_CA3.oir",4,120.506,30.127,0.007,255,17.459,0.999,0.938,"CA3","AD","M"
"462","C2-AD112_6E10_4_CA3.oir",8,157.585,19.698,0.01,255,14.442,0.999,0.895,"CA3","AD","M"
"463","C2-AD112_6E10_5_CA3.oir",18,1466.16,81.453,0.091,255,30.664,0.92,0.88,"CA3","AD","M"
"464","C2-AD112_6E10_6_CA3.oir",10,400.143,40.014,0.025,255,20.672,0.979,0.894,"CA3","AD","M"
"465","C2-AD130_6E10_1_CA3.oir",47,2889.061,61.469,0.178,255,25.922,0.968,0.904,"CA3","AD","F"
"466","C2-AD130_6E10_2_CA3.oir",2,43.259,21.629,0.003,255,15.67,0.936,0.791,"CA3","AD","F"
"467","C2-AD110_6E10_2_CA3.oir",2,499.02,249.51,0.031,255,66.532,0.671,0.841,"CA3","AD","M"
"468","C2-AD146_6E10_5_CA3.oir",5,149.86,29.972,0.009,255,18.186,0.994,0.914,"CA3","AD","F"
"469","C2-AD130_6E10_3_CA3.oir",1,64.888,64.888,0.004,255,28.552,1,0.894,"CA3","AD","F"
"470","C2-AD130_6E10_4_CA3.oir",3,54.073,18.024,0.003,255,13.276,1,0.919,"CA3","AD","F"
"471","C2-AD130_6E10_5_CA3.oir",1,15.45,15.45,0.0009537,255,13.033,1,0.909,"CA3","AD","F"
"472","C2-AD130_6E10_6_CA3.oir",5,154.495,30.899,0.01,255,18.949,0.944,0.847,"CA3","AD","F"
"473","C2-AD266_6E10_1_CA3.oir",19,3612.099,190.11,0.223,255,40.814,0.919,0.88,"CA3","AD","M"
"474","C2-AD130_6E10_7_CA3.oir",4,709.133,177.283,0.044,255,51.572,0.828,0.832,"CA3","AD","F"
"475","C2-AD266_6E10_2_CA3.oir",17,815.735,47.984,0.05,255,22.529,0.982,0.912,"CA3","AD","M"
"476","C2-AD144_6E10_1_CA3.oir",2,61.798,30.899,0.004,255,19.185,0.989,0.858,"CA3","AD","F"
"477","C2-AD266_6E10_3_CA3.oir",6,254.917,42.486,0.016,255,19.984,0.992,0.906,"CA3","AD","M"
"478","C2-AD266_6E10_4_CA3.oir",5,166.855,33.371,0.01,255,18.889,0.98,0.878,"CA3","AD","M"
"479","C2-AD144_6E10_3_CA3.oir",1,32.444,32.444,0.002,255,19.034,1,0.913,"CA3","AD","F"
"480","C2-AD275_6E10_1_CA3.oir",1,46.349,46.349,0.003,255,27.522,0.769,0.845,"CA3","AD","F"
"481","C2-AD275_6E10_2_CA3.oir",1,64.888,64.888,0.004,255,28.25,1,0.944,"CA3","AD","F"
"482","C2-AD144_6E10_4_CA3.oir",2,114.326,57.163,0.007,255,26.643,0.988,0.912,"CA3","AD","F"
"483","C2-AD275_6E10_3_CA3.oir",2,41.714,20.857,0.003,255,14.427,0.969,0.911,"CA3","AD","F"
"484","C2-AD144_6E10_5_CA3.oir",4,129.776,32.444,0.008,255,18.337,0.986,0.926,"CA3","AD","F"
"485","C2-AD275_6E10_4_CA3.oir",2,30.899,15.45,0.002,255,12.518,1,0.967,"CA3","AD","F"
"486","C2-AD146_6E10_1_CA3.oir",2,43.259,21.629,0.003,255,14.64,0.99,0.883,"CA3","AD","F"
"487","C2-AD110_6E10_3_CA3.oir",0,0,NA,0,NA,NA,NA,NA,"CA3","AD","M"
"488","C2-AD275_6E10_5_CA3.oir",4,157.585,39.396,0.01,255,20.535,0.994,0.917,"CA3","AD","F"
"489","C2-AD146_6E10_2_CA3.oir",2,80.338,40.169,0.005,255,21.156,1,0.924,"CA3","AD","F"
"490","C2-AD275_6E10_6_CA3.oir",2,66.433,33.216,0.004,255,19.398,1,0.927,"CA3","AD","F"
"491","C2-AD275_6E10_7_CA3.oir",2,40.169,20.084,0.002,255,15.67,0.988,0.852,"CA3","AD","F"
"492","C2-AD276_6E10_1_CA3.oir",1,16.994,16.994,0.001,255,13.761,1,0.957,"CA3","AD","M"
"493","C2-AD276_6E10_1_DG.oir",0,0,NA,0,NA,NA,NA,NA,"DG","AD","M"
"494","C2-AD276_6E10_2_DG.oir",0,0,NA,0,NA,NA,NA,NA,"DG","AD","M"
"495","C2-AD276_6E10_3_DG.oir",0,0,NA,0,NA,NA,NA,NA,"DG","AD","M"
"496","C2-AD276_6E10_4_DG.oir",0,0,NA,0,NA,NA,NA,NA,"DG","AD","M"
"497","C2-AD276_6E10_5_DG.oir",0,0,NA,0,NA,NA,NA,NA,"DG","AD","M"
"498","C2-AD276_6E10_6_DG.oir",3,196.209,65.403,0.012,255,27.865,0.954,0.894,"DG","AD","M"
"499","C2-AD276_6E10_7_DG.oir",0,0,NA,0,NA,NA,NA,NA,"DG","AD","M"
"500","C2-AD277_6E10_1_DG.oir",0,0,NA,0,NA,NA,NA,NA,"DG","AD","M"
"501","C2-AD277_6E10_2_DG.oir",0,0,NA,0,NA,NA,NA,NA,"DG","AD","M"
"502","C2-AD277_6E10_3_DG.oir",1,21.629,21.629,0.001,255,15.519,1,0.933,"DG","AD","M"
"503","C2-AD110_6E10_4_DG.oir",1,23.174,23.174,0.001,255,17.277,0.976,0.882,"DG","AD","M"
"504","C2-AD277_6E10_4_DG.oir",1,35.534,35.534,0.002,255,20.792,1,0.868,"DG","AD","M"
"505","C2-AD277_6E10_5_DG.oir",3,299.721,99.907,0.019,255,32.937,0.985,0.914,"DG","AD","M"
"506","C2-AD277_6E10_6_DG.oir",0,0,NA,0,NA,NA,NA,NA,"DG","AD","M"
"507","C2-AD277_6E10_7_DG.oir",0,0,NA,0,NA,NA,NA,NA,"DG","AD","M"
"508","C2-AD277_6E10_8_DG.oir",4,250.282,62.571,0.015,255,26.203,0.968,0.921,"DG","AD","M"
"509","C2-AD279_6E10_1_DG.oir",1,29.354,29.354,0.002,255,18.306,1,0.864,"DG","AD","M"
"510","C2-AD279_6E10_2_DG.oir",0,0,NA,0,NA,NA,NA,NA,"DG","AD","M"
"511","C2-AD279_6E10_3_DG.oir",0,0,NA,0,NA,NA,NA,NA,"DG","AD","M"
"512","C2-AD279_6E10_4_DG.oir",0,0,NA,0,NA,NA,NA,NA,"DG","AD","M"
"513","C2-AD110_6E10_5_DG.oir",0,0,NA,0,NA,NA,NA,NA,"DG","AD","M"
"514","C2-AD110_6E10_6_DG.oir",0,0,NA,0,NA,NA,NA,NA,"DG","AD","M"
"515","C2-AD110_6E10_7_DG.oir",1,61.798,61.798,0.004,255,26.794,1,0.92,"DG","AD","M"
"516","C2-AD110_6E10_8_DG.oir",0,0,NA,0,NA,NA,NA,NA,"DG","AD","M"
"517","C2-AD112_6E10_1_DG.oir",9,336.8,37.422,0.021,255,21.082,0.991,0.895,"DG","AD","M"
"518","C2-AD110_6E10_1_DG.oir",0,0,NA,0,NA,NA,NA,NA,"DG","AD","M"
"519","C2-AD146_6E10_4_DG.oir",2,30.899,15.45,0.002,255,12.669,1,0.886,"DG","AD","F"
"520","C2-AD112_6E10_2_DG.oir",7,151.405,21.629,0.009,255,15.752,0.965,0.849,"DG","AD","M"
"521","C2-AD112_6E10_3_DG.oir",4,146.77,36.693,0.009,255,19.656,0.991,0.913,"DG","AD","M"
"522","C2-AD112_6E10_4_DG.oir",3,64.888,21.629,0.004,255,15.276,1,0.923,"DG","AD","M"
"523","C2-AD112_6E10_5_DG.oir",7,298.176,42.597,0.018,255,21.208,0.959,0.906,"DG","AD","M"
"524","C2-AD130_6E10_1_DG.oir",15,2105.77,140.385,0.13,255,35.104,0.94,0.899,"DG","AD","F"
"525","C2-AD130_6E10_2_DG.oir",1,554.638,554.638,0.034,255,89.295,0.874,0.929,"DG","AD","F"
"526","C2-AD130_6E10_3_DG.oir",3,222.473,74.158,0.014,255,29.522,0.979,0.894,"DG","AD","F"
"527","C2-AD130_6E10_4_DG.oir",4,97.332,24.333,0.006,255,16.837,1,0.905,"DG","AD","F"
"528","C2-AD110_6E10_2_DG.oir",1,406.322,406.322,0.025,255,78.02,0.839,0.905,"DG","AD","M"
"529","C2-AD146_6E10_5_DG.oir",0,0,NA,0,NA,NA,NA,NA,"DG","AD","F"
"530","C2-AD130_6E10_5_DG.oir",0,0,NA,0,NA,NA,NA,NA,"DG","AD","F"
"531","C2-AD130_6E10_6_DG.oir",1,20.084,20.084,0.001,255,15.519,1,0.897,"DG","AD","F"
"532","C2-AD266_6E10_1_DG.oir",11,738.487,67.135,0.046,255,27.577,0.982,0.908,"DG","AD","M"
"533","C2-AD130_6E10_7_DG.oir",4,152.95,38.238,0.009,255,20.899,0.965,0.908,"DG","AD","F"
"534","C2-AD266_6E10_2_DG.oir",19,656.605,34.558,0.041,255,19.303,0.983,0.912,"DG","AD","M"
"535","C2-AD144_6E10_1_DG.oir",0,0,NA,0,NA,NA,NA,NA,"DG","AD","F"
"536","C2-AD266_6E10_3_DG.oir",2,151.405,75.703,0.009,255,29.857,0.971,0.936,"DG","AD","M"
"537","C2-AD266_6E10_4_DG.oir",4,176.125,44.031,0.011,255,22.839,0.996,0.909,"DG","AD","M"
"538","C2-AD144_6E10_3_DG.oir",3,143.681,47.894,0.009,255,20.692,0.99,0.925,"DG","AD","F"
"539","C2-AD275_6E10_1_DG.oir",2,103.512,51.756,0.006,255,25.4,0.997,0.905,"DG","AD","F"
"540","C2-AD146_6E10_6_DG.oir",7,213.203,30.458,0.013,255,18.93,0.988,0.887,"DG","AD","F"
"541","C2-AD275_6E10_2_DG.oir",3,253.372,84.457,0.016,255,33.138,0.948,0.876,"DG","AD","F"
"542","C2-AD144_6E10_4_DG.oir",1,10.815,10.815,0.0006676,255,11.275,1,0.875,"DG","AD","F"
"543","C2-AD275_6E10_3_DG.oir",1,16.994,16.994,0.001,255,13.761,1,0.957,"DG","AD","F"
"544","C2-AD144_6E10_5_DG.oir",2,80.338,40.169,0.005,255,22.186,0.993,0.869,"DG","AD","F"
"545","C2-AD275_6E10_4_DG.oir",2,92.697,46.349,0.006,255,23.278,1,0.924,"DG","AD","F"
"546","C2-AD146_6E10_1_DG.oir",6,100.422,16.737,0.006,255,13.154,0.999,0.928,"DG","AD","F"
"547","C2-AD275_6E10_5_DG.oir",2,468.121,234.06,0.029,255,73.199,0.674,0.774,"DG","AD","F"
"548","C2-AD146_6E10_2_DG.oir",1,33.989,33.989,0.002,255,21.52,0.922,0.917,"DG","AD","F"
"549","C2-AD275_6E10_6_DG.oir",6,202.389,33.731,0.012,255,19.792,0.975,0.885,"DG","AD","F"
"550","C2-AD275_6E10_7_DG.oir",1,75.703,75.703,0.005,255,31.037,0.988,0.916,"DG","AD","F"
"551","C2-AD110_6E10_3_DG.oir",1,27.809,27.809,0.002,255,18.005,1,0.947,"DG","AD","M"
"552","C2-WT031_6E10_1_CA1.oir",5,387.783,77.557,0.024,255,29.777,0.978,0.919,"CA1","WT","M"
"553","C2-WT031_6E10_2_CA1.oir",5,165.31,33.062,0.01,255,19.326,0.98,0.922,"CA1","WT","M"
"554","C2-WT031_6E10_3_CA1.oir",5,66.433,13.287,0.004,255,12.184,0.971,0.866,"CA1","WT","M"
"555","C2-WT031_6E10_4_CA1.oir",7,431.042,61.577,0.027,255,27.228,0.844,0.839,"CA1","WT","M"
"556","C2-WT031_6E10_5_CA1.oir",1,26.264,26.264,0.002,255,18.306,0.985,0.81,"CA1","WT","M"
"557","C2-WT031_6E10_7_CA1.oir",2,55.618,27.809,0.003,255,17.641,0.929,0.904,"CA1","WT","M"
"558","C2-WT031_6E10_8_CA1.oir",1,16.994,16.994,0.001,255,13.761,1,0.957,"CA1","WT","M"
"559","C2-WT034_6E10_1_CA1.oir",0,0,NA,0,NA,NA,NA,NA,"CA1","WT","M"
"560","C2-WT034_6E10_2_CA1.oir",0,0,NA,0,NA,NA,NA,NA,"CA1","WT","M"
"561","C2-WT034_6E10_3_CA1.oir",0,0,NA,0,NA,NA,NA,NA,"CA1","WT","M"
"562","C2-WT034_6E10_5_CA1.oir",0,0,NA,0,NA,NA,NA,NA,"CA1","WT","M"
"563","C2-WT034_6E10_6_CA1.oir",0,0,NA,0,NA,NA,NA,NA,"CA1","WT","M"
"564","C2-WT038_6E10_1_CA1.oir",1,90.525,90.525,0.014,255,35.767,0.889,0.929,"CA1","WT","F"
"565","C2-WT038_6E10_2_CA1.oir",7,92.939,13.277,0.015,255,13.239,0.922,0.923,"CA1","WT","F"
"566","C2-WT038_6E10_5_CA1.oir",0,0,NA,0,NA,NA,NA,NA,"CA1","WT","F"
"567","C2-WT038_6E10_6_CA1.oir",4,59.143,14.786,0.009,255,12.995,0.963,0.895,"CA1","WT","F"
"568","C2-WT038_6E10_7_CA1.oir",1,24.14,24.14,0.004,255,17.201,1,0.93,"CA1","WT","F"
"569","C2-WT038_6E10_8_CA1.oir",0,0,NA,0,NA,NA,NA,NA,"CA1","WT","F"
"570","C2-WT227_6E10_2_CA1.oir",1,26.264,26.264,0.002,255,18.306,0.985,0.85,"CA1","WT","M"
"571","C2-WT227_6E10_3_CA1.oir",1,57.163,57.163,0.004,255,26.492,1,0.937,"CA1","WT","M"
"572","C2-WT227_6E10_4_CA1.oir",0,0,NA,0,NA,NA,NA,NA,"CA1","WT","M"
"573","C2-WT227_6E10_5_CA1.oir",0,0,NA,0,NA,NA,NA,NA,"CA1","WT","M"
"574","C2-WT227_6E10_6_CA1.oir",0,0,NA,0,NA,NA,NA,NA,"CA1","WT","M"
"575","C2-WT229_6E10_1_CA1.oir",2,66.433,33.216,0.004,255,20.127,0.988,0.936,"CA1","WT","M"
"576","C2-WT229_6E10_2_CA1.oir",0,0,NA,0,NA,NA,NA,NA,"CA1","WT","M"
"577","C2-WT229_6E10_3_CA1.oir",6,463.486,77.248,0.029,255,30.351,0.93,0.926,"CA1","WT","M"
"578","C2-WT229_6E10_4_CA1.oir",2,80.338,40.169,0.005,255,18.884,0.993,0.966,"CA1","WT","M"
"579","C2-WT229_6E10_5_CA1.oir",1,43.259,43.259,0.003,255,23.278,1,0.903,"CA1","WT","M"
"580","C2-WT229_6E10_6_CA1.oir",1,103.512,103.512,0.006,255,39.951,0.815,0.95,"CA1","WT","M"
"581","C2-WT229_6E10_7_CA1.oir",2,89.607,44.804,0.006,255,23.278,0.991,0.865,"CA1","WT","M"
"582","C2-WT232_6E10_1_CA1.oir",2,132.866,66.433,0.008,255,28.916,0.998,0.911,"CA1","WT","F"
"583","C2-WT232_6E10_2_CA1.oir",0,0,NA,0,NA,NA,NA,NA,"CA1","WT","F"
"584","C2-WT232_6E10_4_CA1.oir",0,0,NA,0,NA,NA,NA,NA,"CA1","WT","F"
"585","C2-WT232_6E10_5_CA1.oir",0,0,NA,0,NA,NA,NA,NA,"CA1","WT","F"
"586","C2-WT232_6E10_6_CA1.oir",3,1548.042,516.014,0.096,255,123.73,0.444,0.675,"CA1","WT","F"
"587","C2-WT368_6E10_1_CA1.oir",1,44.804,44.804,0.003,255,23.278,1,0.921,"CA1","WT","F"
"588","C2-WT368_6E10_2_CA1.oir",0,0,NA,0,NA,NA,NA,NA,"CA1","WT","F"
"589","C2-WT368_6E10_3_CA1.oir",0,0,NA,0,NA,NA,NA,NA,"CA1","WT","F"
"590","C2-WT368_6E10_4_CA1.oir",0,0,NA,0,NA,NA,NA,NA,"CA1","WT","F"
"591","C2-WT368_6E10_5_CA1.oir",0,0,NA,0,NA,NA,NA,NA,"CA1","WT","F"
"592","C2-WT368_6E10_6_CA1.oir",1,30.899,30.899,0.002,255,19.762,0.994,0.909,"CA1","WT","F"
"593","C2-WT368_6E10_7_CA1.oir",3,234.833,78.278,0.014,255,30.493,0.976,0.943,"CA1","WT","F"
"594","C2-WT368_6E10_8_CA1.oir",0,0,NA,0,NA,NA,NA,NA,"CA1","WT","F"
"595","C2-WT370_6E10_1_CA1.oir",1,77.248,77.248,0.005,255,31.766,0.962,0.909,"CA1","WT","F"
"596","C2-WT370_6E10_2_CA1.oir",2,83.427,41.714,0.005,255,22.399,0.996,0.913,"CA1","WT","F"
"597","C2-WT370_6E10_3_CA1.oir",1,47.894,47.894,0.003,255,25.036,0.96,0.899,"CA1","WT","F"
"598","C2-WT370_6E10_4_CA1.oir",1,63.343,63.343,0.004,255,28.552,0.976,0.872,"CA1","WT","F"
"599","C2-WT370_6E10_5_CA1.oir",6,321.35,53.558,0.02,255,23.814,0.987,0.913,"CA1","WT","F"
"600","C2-WT370_6E10_6_CA1.oir",1,23.174,23.174,0.001,255,16.548,1,0.857,"CA1","WT","F"
"601","C2-WT370_6E10_7_CA1.oir",7,313.625,44.804,0.019,255,22.629,0.987,0.921,"CA1","WT","F"
"602","C2-WT031_6E10_1_CA3.oir",6,278.091,46.349,0.017,255,22.793,0.985,0.886,"CA3","WT","M"
"603","C2-WT031_6E10_2_CA3.oir",4,234.833,58.708,0.014,255,28.068,0.92,0.911,"CA3","WT","M"
"604","C2-WT031_6E10_3_CA3.oir",4,177.67,44.417,0.011,255,22.399,0.982,0.924,"CA3","WT","M"
"605","C2-WT031_6E10_4_CA3.oir",5,156.04,31.208,0.01,255,19.18,0.972,0.879,"CA3","WT","M"
"606","C2-WT031_6E10_5_CA3.oir",5,1269.951,253.99,0.078,255,58.087,0.822,0.841,"CA3","WT","M"
"607","C2-WT031_6E10_6_CA3.oir",4,670.509,167.627,0.041,255,44.133,0.986,0.93,"CA3","WT","M"
"608","C2-WT031_6E10_7_CA3.oir",5,2853.527,570.705,0.176,255,80.034,0.828,0.889,"CA3","WT","M"
"609","C2-WT031_6E10_8_CA3.oir",5,207.024,41.405,0.013,255,22.078,0.923,0.901,"CA3","WT","M"
"610","C2-WT034_6E10_1_CA3.oir",0,0,NA,0,NA,NA,NA,NA,"CA3","WT","M"
"611","C2-WT034_6E10_2_CA3.oir",0,0,NA,0,NA,NA,NA,NA,"CA3","WT","M"
"612","C2-WT034_6E10_3_CA3.oir",0,0,NA,0,NA,NA,NA,NA,"CA3","WT","M"
"613","C2-WT034_6E10_6_CA3.oir",0,0,NA,0,NA,NA,NA,NA,"CA3","WT","M"
"614","C2-WT038_6E10_1_CA3.oir",1,10.863,10.863,0.002,255,11.441,1,0.857,"CA3","WT","F"
"615","C2-WT038_6E10_2_CA3.oir",8,249.244,31.156,0.039,255,18.731,0.979,0.924,"CA3","WT","F"
"616","C2-WT038_6E10_3_CA3.oir",9,439.346,48.816,0.069,255,23.866,0.895,0.92,"CA3","WT","F"
"617","C2-WT038_6E10_5_CA3.oir",2,41.038,20.519,0.006,255,16.974,0.89,0.893,"CA3","WT","F"
"618","C2-WT038_6E10_6_CA3.oir",4,135.787,33.947,0.021,255,19.465,0.933,0.921,"CA3","WT","F"
"619","C2-WT038_6E10_7_CA3.oir",0,0,NA,0,NA,NA,NA,NA,"CA3","WT","F"
"620","C2-WT038_6E10_8_CA3.oir",0,0,NA,0,NA,NA,NA,NA,"CA3","WT","F"
"621","C2-WT227_6E10_1_CA3.oir",6,211.658,35.276,0.013,255,18.227,0.995,0.948,"CA3","WT","M"
"622","C2-WT227_6E10_2_CA3.oir",2,537.643,268.822,0.033,255,54.165,0.884,0.864,"CA3","WT","M"
"623","C2-WT227_6E10_3_CA3.oir",1,35.534,35.534,0.002,255,28.552,0.548,0.73,"CA3","WT","M"
"624","C2-WT227_6E10_4_CA3.oir",1,6.18,6.18,0.0003815,255,10.245,0.74,1,"CA3","WT","M"
"625","C2-WT227_6E10_5_CA3.oir",3,97.332,32.444,0.006,255,18.448,0.995,0.927,"CA3","WT","M"
"626","C2-WT227_6E10_6_CA3.oir",2,687.504,343.752,0.042,255,87.964,0.629,0.856,"CA3","WT","M"
"627","C2-WT229_6E10_1_CA3.oir",1,21.629,21.629,0.001,255,16.247,1,0.966,"CA3","WT","M"
"628","C2-WT229_6E10_3_CA3.oir",5,197.754,39.551,0.012,255,20.877,0.984,0.921,"CA3","WT","M"
"629","C2-WT229_6E10_4_CA3.oir",2,134.411,67.205,0.008,255,28.765,0.999,0.931,"CA3","WT","M"
"630","C2-WT229_6E10_7_CA3.oir",2,80.338,40.169,0.005,255,21.156,0.988,0.919,"CA3","WT","M"
"631","C2-WT232_6E10_1_CA3.oir",1,21.629,21.629,0.001,255,15.519,1,0.933,"CA3","WT","F"
"632","C2-WT232_6E10_2_CA3.oir",0,0,NA,0,NA,NA,NA,NA,"CA3","WT","F"
"633","C2-WT232_6E10_3_CA3.oir",0,0,NA,0,NA,NA,NA,NA,"CA3","WT","F"
"634","C2-WT232_6E10_4_CA3.oir",0,0,NA,0,NA,NA,NA,NA,"CA3","WT","F"
"635","C2-WT232_6E10_5_CA3.oir",0,0,NA,0,NA,NA,NA,NA,"CA3","WT","F"
"636","C2-WT232_6E10_6_CA3.oir",0,0,NA,0,NA,NA,NA,NA,"CA3","WT","F"
"637","C2-WT368_6E10_1_CA3.oir",0,0,NA,0,NA,NA,NA,NA,"CA3","WT","F"
"638","C2-WT368_6E10_2_CA3.oir",0,0,NA,0,NA,NA,NA,NA,"CA3","WT","F"
"639","C2-WT368_6E10_3_CA3.oir",1,37.079,37.079,0.002,255,20.792,1,0.906,"CA3","WT","F"
"640","C2-WT368_6E10_4_CA3.oir",0,0,NA,0,NA,NA,NA,NA,"CA3","WT","F"
"641","C2-WT368_6E10_5_CA3.oir",1,23.174,23.174,0.001,255,17.277,0.976,0.882,"CA3","WT","F"
"642","C2-WT368_6E10_6_CA3.oir",1,67.978,67.978,0.004,255,29.581,0.976,0.863,"CA3","WT","F"
"643","C2-WT368_6E10_7_CA3.oir",3,37.079,12.36,0.002,255,10.204,1,0.963,"CA3","WT","F"
"644","C2-WT368_6E10_8_CA3.oir",2,61.798,30.899,0.004,255,18.005,1,0.971,"CA3","WT","F"
"645","C2-WT370_6E10_1_CA3.oir",1,86.517,86.517,0.005,255,32.795,1,0.918,"CA3","WT","F"
"646","C2-WT370_6E10_2_CA3.oir",1,24.719,24.719,0.002,255,17.277,1,0.889,"CA3","WT","F"
"647","C2-WT370_6E10_3_CA3.oir",1,9.27,9.27,0.0005722,255,9.517,1,1,"CA3","WT","F"
"648","C2-WT370_6E10_4_CA3.oir",0,0,NA,0,NA,NA,NA,NA,"CA3","WT","F"
"649","C2-WT370_6E10_5_CA3.oir",3,63.343,21.114,0.004,255,15.276,1,0.91,"CA3","WT","F"
"650","C2-WT370_6E10_6_CA3.oir",3,118.961,39.654,0.007,255,22.207,0.982,0.878,"CA3","WT","F"
"651","C2-WT370_6E10_7_CA3.oir",2,27.809,13.905,0.002,255,12.154,1,0.916,"CA3","WT","F"
"652","C2-WT031_6E10_1_DG.oir",2,142.136,71.068,0.009,255,29.644,0.987,0.925,"DG","WT","M"
"653","C2-WT031_6E10_2_DG.oir",5,194.664,38.933,0.012,255,18.477,0.98,0.919,"DG","WT","M"
"654","C2-WT031_6E10_3_DG.oir",7,224.018,32.003,0.014,255,18.532,0.995,0.894,"DG","WT","M"
"655","C2-WT031_6E10_4_DG.oir",0,0,NA,0,NA,NA,NA,NA,"DG","WT","M"
"656","C2-WT031_6E10_5_DG.oir",0,0,NA,0,NA,NA,NA,NA,"DG","WT","M"
"657","C2-WT031_6E10_6_DG.oir",9,894.527,99.392,0.055,255,31.199,0.955,0.891,"DG","WT","M"
"658","C2-WT031_6E10_7_DG.oir",3,109.692,36.564,0.007,255,20.348,0.984,0.929,"DG","WT","M"
"659","C2-WT031_6E10_8_DG.oir",1,24.719,24.719,0.002,255,17.578,1,0.821,"DG","WT","M"
"660","C2-WT034_6E10_1_DG.oir",0,0,NA,0,NA,NA,NA,NA,"DG","WT","M"
"661","C2-WT034_6E10_2_DG.oir",0,0,NA,0,NA,NA,NA,NA,"DG","WT","M"
"662","C2-WT034_6E10_3_DG.oir",0,0,NA,0,NA,NA,NA,NA,"DG","WT","M"
"663","C2-WT034_6E10_4_DG.oir",0,0,NA,0,NA,NA,NA,NA,"DG","WT","M"
"664","C2-WT034_6E10_5_DG.oir",0,0,NA,0,NA,NA,NA,NA,"DG","WT","M"
"665","C2-WT034_6E10_6_DG.oir",1,18.539,18.539,0.001,255,14.791,1,0.857,"DG","WT","F"
"666","C2-WT038_6E10_1_DG.oir",5,114.061,22.812,0.018,255,16.413,0.971,0.928,"DG","WT","F"
"667","C2-WT038_6E10_2_DG.oir",5,274.591,54.918,0.043,255,26.31,0.9,0.922,"DG","WT","F"
"668","C2-WT038_6E10_5_DG.oir",0,0,NA,0,NA,NA,NA,NA,"DG","WT","F"
"669","C2-WT038_6E10_6_DG.oir",0,0,NA,0,NA,NA,NA,NA,"DG","WT","F"
"670","C2-WT038_6E10_7_DG.oir",0,0,NA,0,NA,NA,NA,NA,"DG","WT","F"
"671","C2-WT038_6E10_8_DG.oir",3,70.006,23.335,0.011,255,16.898,0.999,0.91,"DG","WT","F"
"672","C2-WT227_6E10_1_DG.oir",4,101.967,25.492,0.006,255,16.988,1,0.877,"DG","WT","M"
"673","C2-WT227_6E10_2_DG.oir",6,106.602,17.767,0.007,255,13.154,1,0.92,"DG","WT","M"
"674","C2-WT227_6E10_3_DG.oir",3,516.014,172.005,0.032,255,44.739,0.797,0.856,"DG","WT","M"
"675","C2-WT227_6E10_4_DG.oir",2,58.708,29.354,0.004,255,18.155,1,0.919,"DG","WT","M"
"676","C2-WT227_6E10_5_DG.oir",5,225.563,45.113,0.014,255,22.927,1,0.914,"DG","WT","M"
"677","C2-WT227_6E10_6_DG.oir",0,0,NA,0,NA,NA,NA,NA,"DG","WT","M"
"678","C2-WT229_6E10_1_DG.oir",1,10.815,10.815,0.0006676,255,11.275,1,0.875,"DG","WT","M"
"679","C2-WT229_6E10_2_DG.oir",4,224.018,56.005,0.014,255,25.431,0.915,0.918,"DG","WT","M"
"680","C2-WT229_6E10_3_DG.oir",5,129.776,25.955,0.008,255,16.634,1,0.913,"DG","WT","M"
"681","C2-WT229_6E10_4_DG.oir",1,4.635,4.635,0.0002861,255,7.031,1,0.857,"DG","WT","M"
"682","C2-WT229_6E10_5_DG.oir",1,254.917,254.917,0.016,255,57.956,0.954,0.948,"DG","WT","M"
"683","C2-WT229_6E10_6_DG.oir",0,0,NA,0,NA,NA,NA,NA,"DG","WT","M"
"684","C2-WT229_6E10_7_DG.oir",1,29.354,29.354,0.002,255,18.306,1,0.864,"DG","WT","M"
"685","C2-WT232_6E10_1_DG.oir",1,71.068,71.068,0.004,255,31.037,0.927,0.885,"DG","WT","F"
"686","C2-WT232_6E10_2_DG.oir",0,0,NA,0,NA,NA,NA,NA,"DG","WT","F"
"687","C2-WT232_6E10_3_DG.oir",0,0,NA,0,NA,NA,NA,NA,"DG","WT","F"
"688","C2-WT232_6E10_4_DG.oir",0,0,NA,0,NA,NA,NA,NA,"DG","WT","F"
"689","C2-WT232_6E10_5_DG.oir",1,88.062,88.062,0.005,255,33.523,0.985,0.912,"DG","WT","F"
"690","C2-WT232_6E10_6_DG.oir",5,12523.384,2504.677,0.773,255,177.34,0.724,0.851,"DG","WT","F"
"691","C2-WT368_6E10_1_DG.oir",1,15.45,15.45,0.0009537,255,13.033,1,0.909,"DG","WT","F"
"692","C2-WT368_6E10_2_DG.oir",0,0,NA,0,NA,NA,NA,NA,"DG","WT","F"
"693","C2-WT368_6E10_3_DG.oir",0,0,NA,0,NA,NA,NA,NA,"DG","WT","F"
"694","C2-WT368_6E10_4_DG.oir",0,0,NA,0,NA,NA,NA,NA,"DG","WT","F"
"695","C2-WT368_6E10_5_DG.oir",0,0,NA,0,NA,NA,NA,NA,"DG","WT","F"
"696","C2-WT368_6E10_6_DG.oir",1,44.804,44.804,0.003,255,23.278,1,0.921,"DG","WT","F"
"697","C2-WT368_6E10_7_DG.oir",1,199.299,199.299,0.012,255,50.8,0.97,0.925,"DG","WT","F"
"698","C2-WT368_6E10_8_DG.oir",0,0,NA,0,NA,NA,NA,NA,"DG","WT","F"
"699","C2-WT370_6E10_1_DG.oir",0,0,NA,0,NA,NA,NA,NA,"DG","WT","F"
"700","C2-WT370_6E10_2_DG.oir",1,177.67,177.67,0.011,255,52.256,0.818,0.913,"DG","WT","F"
"701","C2-WT370_6E10_3_DG.oir",2,44.804,22.402,0.003,255,16.398,1,0.896,"DG","WT","F"
"702","C2-WT370_6E10_4_DG.oir",0,0,NA,0,NA,NA,NA,NA,"DG","WT","F"
"703","C2-WT370_6E10_5_DG.oir",2,29.354,14.677,0.002,255,12.154,0.988,0.929,"DG","WT","F"
"704","C2-WT370_6E10_6_DG.oir",2,149.86,74.93,0.009,255,29.129,0.973,0.938,"DG","WT","F"
"705","C2-WT370_6E10_7_DG.oir",2,32.444,16.222,0.002,255,12.518,1,0.902,"DG","WT","F"
